pressure_bar,feed_flow_m3_h,salinity_g_L,temperature_C,recovery_rate,pump_efficiency,erd_efficiency,membrane_condition,effective_pressure_bar,permeate_flow_m3_h,concentrate_flow_m3_h,hydraulic_power_kW,pump_power_kW,recovery_energy_kW,net_power_kW,SEC_physical_kWh_m3,SEC_kWh_m3
57.49080237694725,266.61963595475765,34.61705683735906,25.09054491313347,0.4143991756567186,0.7787271040554884,0.8620642385194555,0.7116398364186662,62.06042920775496,110.48695735354598,156.1326786012117,459.6258067379899,590.2270568782451,104.28659011742418,485.9404667608209,4.398170412149784,4.52468153744357
69.01428612819832,587.7108526405223,34.46978799072,26.950220957870584,0.46108646585999724,0.7946871318750043,0.7430965905262915,0.7560317584693388,72.33005627020069,270.98551999158406,316.7253326489382,1180.8099733915722,1485.8803245065012,208.26497354278416,1277.615350963717,4.714699704262411,4.874200771440132
64.6398788362281,885.6512522887674,41.06254580521036,18.757018481887485,0.4520321859580318,0.8709094786404361,0.9180986408387037,0.9493737415269827,75.16456974152103,400.3428715685598,485.3083807202076,1849.1554255367917,2123.246411812489,373.86330229231385,1749.3831095201751,4.3697121486540285,4.114432366648735
61.97316968394073,759.0023977686051,34.49546199849506,24.373111494104982,0.3307799809387547,0.7680008772119784,0.8532790597673103,0.9300305069015007,63.11010130225967,251.0627986663683,507.9395991022368,1330.5755058842963,1732.5182110658448,346.26282222464874,1386.255388841196,5.521548378353575,5.683626441658541
53.12037280884873,825.9050330753048,34.71949726128631,23.576189747156228,0.3298498939482948,0.8739299369624343,0.7393009708892385,0.805192807437144,56.626007109630905,272.4246875712522,553.4803455040526,1299.1028965222822,1486.5069172909268,257.7676107175683,1228.7393065733586,4.510381630710263,4.4007078274168965
53.11989040672405,692.9050300396456,39.59398262417964,27.492455651824066,0.35363487354898265,0.7176268861953382,0.9405845143703017,0.8130431883322637,58.76933014291899,245.03538267952408,447.86964736012146,1131.1545685580315,1576.2432962275204,335.4030734772215,1240.8402227502988,5.063922643258277,5.194112378051643
51.16167224336399,723.0489080660673,36.4973984245054,28.59130590721891,0.3722149452682074,0.8553596874417262,0.8295913658338301,0.8600663300660738,52.94082107523931,269.1296097420484,453.9192983240189,1063.300079738134,1243.1028669568605,226.59499256134123,1016.5078743955193,3.777019835795131,3.769264122980381
67.3235229154987,864.2760864087874,39.76710556955181,15.182351572160803,0.3816911162816965,0.8695095266109473,0.7182246129679137,0.7000723014055403,84.80398640803054,329.886504196946,534.3895822118413,2035.9460412387955,2341.487906606638,363.9366002520787,1977.551306354559,5.99464143332744,5.99981640898866
62.022300234864176,324.70120797326734,32.65366157564385,25.110298785881888,0.435939443366669,0.7363635305674677,0.8567082261037667,0.7723733008114083,63.869328134184585,141.5500638643512,183.15114410891616,576.0679999336312,782.3146802092342,132.3147293867072,649.999950822527,4.5920145358989615,4.566515402997872
64.1614515559209,540.4824672788264,36.87571193673384,15.777536986795935,0.31133608643316707,0.7860693064744401,0.7632997267532025,0.7624695425824644,75.88122640466594,168.2716961483321,372.2107711304943,1139.2353463149188,1449.2810454900548,266.6386426440379,1182.642402846017,7.028171878671226,7.283743450266524
50.41168988591605,299.08849763764204,32.33613600183283,23.23287997616034,0.30693454084521327,0.7330999549327311,0.9009233629693256,0.775144884024929,52.39240302195494,91.80059069449432,207.28790694314773,435.2768085406211,593.7482407573766,129.75750450645415,463.99073625092245,5.054332796126006,4.866374085764308
69.39819704323989,988.9012071969823,32.62653203455355,19.314490935655172,0.3783821125887818,0.8413208257988436,0.9044555183915476,0.9417717527600324,71.19391284062333,374.1825279207908,614.7186792761916,1955.6596209213649,2324.5111269704325,457.41498669989267,1867.0961402705398,4.989800434150089,5.080790493733505
66.64885281600843,949.653405717952,41.06437453344411,19.601648992832118,0.4394327384275961,0.8070695536123313,0.9447368389636654,0.783902156963933,80.76921151759467,417.3087966317326,532.3446090862194,2130.632133189928,2639.9609843457906,489.3325816921646,2150.628402653626,5.153565944480955,5.323839273423086
54.246782213565524,135.4841302316553,33.39245371117595,20.29437755178535,0.3386870685912965,0.8270646693416642,0.8254673827561259,0.7574563966150444,58.92858817933822,45.88672290880079,89.59740732285452,221.7746809793623,268.14672322527434,51.23272676359176,216.9139964616826,4.727162514804033,4.828750194101502
53.63649934414201,735.0176552641196,37.324206822752174,24.319386735744153,0.42830089625125034,0.7392973933912422,0.8137392199319342,0.8512790382379094,58.29863677332656,314.808720510115,420.20893475400464,1190.2924251729185,1610.0319517060789,262.15328179603927,1347.8786699100397,4.281579835926849,4.580181355811894
53.66809019706868,932.7234856740993,36.11095602600707,20.01074948503154,0.3519656275880599,0.7423491724104838,0.8883689013616201,0.9596935109118196,57.42633866031455,328.2866070014071,604.4368786726922,1487.8581879097187,2004.256545580149,403.84317151728857,1600.4133740628604,4.8750492402999575,4.797689994886553
56.08484485919075,262.5178106146002,35.47343326258843,25.990485758854206,0.47721722176270326,0.7082994651019813,0.7331176640854816,0.7724049111512499,59.86159127557138,125.278020244727,137.2397903698732,436.52038559914024,616.2935412301771,82.67050999930343,533.6230312308736,4.259510408836733,4.381839904524735
60.49512863264476,611.1507074973665,40.99833345687273,21.067910783608045,0.4791379888533233,0.7644135070391459,0.836728878448281,0.7235608728378395,73.65276091573936,292.8255208765739,318.32518662079264,1250.3593595219027,1635.710708939463,249.50656838062562,1386.2041405588375,4.733891145857889,4.718824500278854
58.638900372842315,923.9394678292376,32.2182339677549,16.02529800464938,0.3594574408562653,0.811948932266735,0.8365619000327127,0.8069214207548994,63.71510184302149,332.1169166119974,591.8225512172403,1635.2471469313043,2013.97782784953,377.71897402342813,1636.258853826102,4.926755524885521,5.1090562309184575
55.82458280396084,130.55138072721897,38.63789686175589,26.756397637261607,0.3459987507926481,0.8715869827994658,0.7223682807025967,0.9242955473694934,59.36188760998755,45.17061464587316,85.38076608134581,215.2715663904963,246.98804667672033,40.839576089301715,206.14847058741861,4.5637738650132045,4.562721139881563
62.23705789444759,727.6782405221559,41.63394434213551,19.28637486889059,0.38226079441324623,0.8333854894917361,0.8044960213767284,0.8652071634084384,74.45174783599064,278.1628622992326,449.5153782229233,1504.9143574748027,1805.7842096490276,314.09640184959613,1491.6878077994315,5.362641854737439,5.300240687669799
52.78987721304084,367.6141066352957,37.60168183461842,21.49150319398894,0.34810631703602973,0.7870792646799503,0.9133211996418005,0.9450380108723042,57.319327412962465,127.96879275130308,239.6453138839926,585.3164816625614,743.6563354271166,154.96750381924213,588.6888316078745,4.600253069136498,4.7805009490677275
55.84289297070436,931.9565758388774,41.36822462033092,25.281658248328522,0.43447676865834073,0.8906240228788276,0.914038405498665,0.9878776442827701,61.26132796666545,404.9134816003673,527.0430942385101,1585.913817865444,1780.6771175329197,322.1574035768508,1458.519713956069,3.6020527352941216,3.548933774483833
57.327236865873836,973.952420648831,32.52257879286024,19.986842357230678,0.4652129369096571,0.8438490401151664,0.7248094162299202,0.937798743025485,58.48186933472252,453.0952660203124,520.8571546285186,1582.1821722950453,1874.9587865610574,254.369179937718,1620.5896066233395,3.57670831756315,3.42512107839429
59.121399684340716,949.8398402020905,36.18793319074162,15.848784842200734,0.4346184261822434,0.88603304057251,0.7226802206869577,0.881140923653126,66.88305562885819,412.8178964738261,537.0219437282644,1764.6719686317276,1991.6548117567775,284.81963997952516,1706.8351717772523,4.134595874734493,4.0704872850032965
65.70351922786027,526.7927949917174,34.60157790962051,20.608815705192203,0.4648700894498699,0.8055175946544331,0.7656738692504838,0.8480024764157141,70.68793557000238,244.89021372934664,281.90258126237075,1034.3859764198887,1284.1258630280324,184.15295379991437,1099.9729092281182,4.491698106171818,4.575113379587308
53.993475643167194,875.8383858903821,39.308209649807296,29.166728740414552,0.37939843244149485,0.7517808549586279,0.9186915156384983,0.71202072590448,60.367192619550984,332.2917106789,543.5466752114821,1468.6640151289257,1953.5799634186606,389.835881755958,1563.7440816627027,4.70593767887812,4.902463107224684
60.28468876827223,860.0944586815633,41.81297090497247,24.626015959478373,0.33126339414177214,0.7105653372729444,0.7322256462683747,0.9952965936442124,66.73828904903307,284.9178096653849,575.1766490161784,1594.4786831378278,2243.9578733987023,384.57652997363334,1859.381343425069,6.526027086930004,6.5477840863301635
61.84829137724085,387.1904259189301,34.56530062444248,25.072187230008105,0.44759018947951845,0.8452169702967701,0.8799992006568615,0.8150443367725128,64.81693768448004,173.30263610170937,213.88778981722072,697.1249363559604,824.788144174611,140.33115976330572,684.4569844113053,3.9494897469973,4.10567592104418
50.92900825439995,846.0239267356096,38.541746014740745,24.4842323045646,0.3720949010283108,0.7242605996011068,0.7252914049032757,0.74566846417506,57.96515866503338,314.8011892862695,531.2227374493401,1362.2197541012272,1880.8419992078573,299.7967351974942,1581.045264010363,5.022361153066084,4.817723804125155
62.150897038028766,133.30687124394336,33.9809763275974,17.98488208439155,0.4342541650458265,0.7605550256543934,0.8557844634369562,0.900012656618937,66.57437176415272,57.88906406691012,75.41780717703324,246.52281124750897,324.1354049766444,54.92629164427403,269.20911333237035,4.650431263169317,4.588590274931019
53.41048247374583,636.6428906338477,37.6533025457161,21.2750079615342,0.35412878839635314,0.8064941815767794,0.7890168247797862,0.7852864867286378,60.87508520165133,225.45357550131646,411.1893151325313,1076.5469502878077,1334.8477582107873,238.0849657567291,1096.7627924540582,4.86469460515455,4.822579710686508
51.30103185970559,307.00795355893274,36.63932486688336,26.264096975449775,0.3162459269613345,0.8128833175559496,0.8972284907414667,0.8757334812793143,53.9706768176638,97.09001485774702,209.91793870118573,460.26186227726373,566.2090146727419,121.57598757009998,444.6330271026419,4.579595829232317,4.563856752944745
68.97771074506667,208.51019719955093,41.72005329631537,16.520593463297388,0.49851635909755265,0.8201166393974272,0.7584226122063409,0.8760303723533773,84.09699157912446,103.94574434263285,104.56445285691808,487.0855638347837,593.9223037745767,79.06162244285153,514.8606813317251,4.9531674874019584,4.9656634950945735
69.31264066149119,169.25788146628824,38.08527272696467,19.167791641345683,0.33124030158611983,0.7332510660699401,0.8598004573474899,0.8337189462708607,79.69041678767805,56.065031702721036,113.19284976356721,374.6730866291088,510.9751679425055,102.83373368993935,408.1414342525661,7.2797860244990735,7.430676542452982
66.16794696232922,726.6598982903258,35.49506372086819,19.144786626987802,0.4976841987926962,0.7759474809643297,0.7589206336439712,0.9508355846635128,70.8109765269042,361.6471492754029,365.0127490149229,1429.3193611355239,1842.031060348567,245.7752767790023,1596.2557835695648,4.41384865543065,4.354949353493095
56.09227538346741,405.8874673912595,33.14095784887933,21.48028391391759,0.4954559865132895,0.8234388454233933,0.8784150707780384,0.7794901184666329,59.772260813141216,201.0993755697171,204.78809182154242,673.9114322693254,818.411028353679,126.95165098417802,691.4593773695009,3.438396441612947,3.452737513887999
51.953442280127675,752.2900943758854,33.51246828734934,29.705531114132775,0.45876362078160793,0.893963772926757,0.9184195086401872,0.8345897774853203,51.307776181527174,345.12332757401873,407.16676680186663,1072.1758829393855,1199.3504831064665,208.66145865717007,990.6890244492964,2.870536255584818,2.866650448805859
63.684660530243136,158.82070671904813,34.25316929951235,16.012538200257328,0.43188459241639954,0.8455262275399378,0.7317004497816899,0.8613076385772914,70.30732063025883,68.59221618864063,90.2284905304075,310.17384305612273,366.8411847596672,53.37231265536646,313.4688721043008,4.570035632646806,4.443095137066091
58.80304987479202,383.7613040475493,34.50966661340298,22.780514915708928,0.41556141005021696,0.8845207514187916,0.9166489221488758,0.8990874162301898,61.20544734836423,159.47638863270961,224.28491541483967,652.4522858117188,737.6336674579655,138.30907968846634,599.3245877694992,3.758077248349314,3.74526220240535
52.44076469689558,585.5421631378035,40.50616057841138,17.690470230183156,0.47322030907556695,0.8524424116628354,0.8483938136035745,0.9351915551516768,61.260121769276864,277.09044341684745,308.4517197209561,996.3995615241007,1168.8760998886155,182.83655898064194,986.0395409079736,3.5585476306903954,3.5432110522981506
59.903538202225405,811.6508483550672,37.61222788282525,29.56014818114616,0.3578879043238976,0.8183433937784801,0.731777622716756,0.8184421848634768,63.24672139135271,290.4800211605086,521.1708271945586,1425.9515298046665,1742.4855392559834,286.56767675441944,1455.917862501564,5.012110150243611,4.98728809097982
50.68777042230437,386.8772526388629,37.233909113743664,16.699552570911962,0.3935362424969754,0.7384046738272689,0.806885463839928,0.8938140832289788,57.64450206320826,152.25022031105115,234.62703232781175,619.4818496652578,838.9462738018501,143.68748320431783,695.2587905975323,4.5665535930069625,4.570904530823881
68.18640804157565,663.3022387933082,33.14768871869217,21.05401503542387,0.4238779938733004,0.8333371303785027,0.7402150733712745,0.7451832859205557,73.61222411584968,281.1592223113763,382.1430164819319,1356.3098071832735,1627.5643526974925,242.92857492525116,1384.6357777722415,4.9247389660183165,4.935919139042976
55.17559963200034,897.3799734125685,40.60139693349435,26.068274772519093,0.38223809517389823,0.8246759131919814,0.8750869722166423,0.9797944301627436,59.6598043454045,343.0128116844236,554.3671617281449,1487.153156591059,1803.3182887989303,341.20294682760084,1462.1153419713296,4.262567729733942,4.207287105328469
63.25044568707964,654.2768693640741,39.22814303208484,25.56831642041168,0.3854972908180536,0.8204938340914533,0.8897170336044874,0.814917641926301,70.67383496761511,252.22196058476814,402.05490877930595,1284.4515413490121,1565.4615403311434,299.56160856908014,1265.8999317620633,5.018991719940313,5.210624061289748
56.23422152178822,309.6635272782704,32.676683619000016,21.340929553408984,0.3660569335004169,0.7979571735976482,0.7264491300681997,0.9188564265929315,57.22310870643971,113.35448121240637,196.30904606586404,492.2197134406673,616.849788092585,99.42667784742095,517.423110245164,4.56464627345084,4.404498311571905
60.40136042355621,121.96070340088421,39.078350972297685,20.197862519290773,0.4128463633369072,0.8057313207978551,0.826534963173661,0.7061023245646533,72.42727406405943,50.351032869066216,71.609670531818,245.36892472948074,304.5294608710387,51.72617234011996,252.80328853091873,5.020816339325416,4.91222058430229
60.934205586865595,883.0889865108369,37.43538217342646,20.96418567829306,0.4701149056030232,0.7668885054236207,0.9036562640064792,0.761556142871442,69.86331755911223,415.15329553261154,467.93569097822535,1713.7646193766993,2234.6985347368513,374.51736144035755,1860.1811732964939,4.480709158071398,4.854395412176313
53.69708911051054,119.14246976534842,32.817253457467785,18.96414394737959,0.34030567560126257,0.8038625385284606,0.9340407603877491,0.8461247632970734,56.96036311141056,40.544858666299895,78.59761109904852,188.511064995125,234.50659280653966,50.574509279329384,183.93208352721027,4.536508193086663,4.3952425044988095
69.39169255529117,887.2315054157795,36.58300641528656,18.079994080602,0.48688660775068826,0.7395111811356956,0.8283794666854425,0.963475740319704,75.7936404762744,431.98113796142525,455.2503674543542,1867.9584927974247,2525.9367815490355,375.7795971784773,2150.1571843705583,4.9774330298712295,4.775286332903941
65.5026564672223,576.0434206244909,36.84696287130047,22.24559546338335,0.4378175307496459,0.8610348794720754,0.9375698059028517,0.8581765449852031,71.72799223196292,252.20190802239424,323.8415126020966,1147.7343888840785,1332.9708427001083,245.9062717820744,1087.064570918034,4.310294792938316,4.405269131623706
68.78997883128378,945.1609286616066,33.65774540163276,19.02800634101411,0.464654642536006,0.7371553909397415,0.8339222426140074,0.9789611446881636,71.07107316794996,439.1734134462583,505.9875152153483,1865.9333754554602,2531.2619271178746,395.5166127172488,2135.745314400626,4.863102476174773,4.560065075048787
67.89654700855297,818.9049121962988,41.45698147000282,19.31192497345875,0.41123813852600233,0.7169932579778933,0.7985476236499769,0.8451390689748388,81.47880742168098,336.76493172140533,482.1399804748935,1853.4276565975224,2585.000118166618,425.37219961354674,2159.627918553071,6.412864627899146,6.367601235845252
61.9579995762217,998.1406994800037,40.499753714806616,24.851340952118356,0.4559033402848127,0.7872492052714315,0.9120507821382238,0.8471347290207849,70.22849752762451,455.05567896715314,543.0850205128506,1947.1644901570232,2473.3775240658015,429.5893776760803,2043.788146389721,4.4912924744254115,4.780418294548327
68.43748470046233,415.64063390653916,38.69022337329108,29.528059975498383,0.30324007946789344,0.8316614879012123,0.8232456776145223,0.7359240365501595,75.12403929737975,126.03889885590455,289.6017350506346,867.3500920884077,1042.9124165377182,209.3767732462454,833.5356432914728,6.613320576883349,6.306805881165049
51.76985004103839,790.4694600380142,36.62295561000607,24.05455800839063,0.46367608495590706,0.7875433649867083,0.8179756276411307,0.940796873245666,54.38023711881813,366.52178450763626,423.9476755303779,1194.053240890315,1516.1745930149098,232.80097005681594,1283.3736229580938,3.501493436964742,3.2932983677914027
53.919657248382904,461.73782224831797,36.117655415845086,16.154692005974493,0.3080277718170733,0.7553508263902617,0.8225781223524571,0.7740896237401187,62.68155446547113,142.22807255081725,319.50974969750075,803.9567903896103,1064.3488592335711,212.04003278997774,852.3088264435934,5.99254993165339,5.723032385373561
50.90454577821076,531.888058273518,38.50973467150954,16.133754207811005,0.4779826752725725,0.8116342367780881,0.9116962504674363,0.9698837468116945,57.90368026634122,254.23327703911008,277.65478123440795,855.5076684376348,1054.0556690088745,175.5766174850881,878.4790515237864,3.4554054518545394,3.5485313483602954
56.506606615265284,664.7549168965331,37.45431869406905,29.27134831268349,0.49839254944772865,0.7694004670824399,0.907985385422013,0.9732472660991188,57.03906542520496,331.30889778997613,333.446019106557,1053.2499776830011,1368.9229767131753,218.21765992472373,1150.7053167884517,3.473209818584192,3.5904073850112814
57.77354579378964,886.3094027677049,32.62273105881886,19.459361854610005,0.35881349243535554,0.8865735380253266,0.8008799981100527,0.982993033562245,58.479753516011506,318.0197721853744,568.2896305823306,1439.754317021632,1623.9536318988385,291.8727106673525,1332.080921231486,4.188673276751526,4.124261266875544
55.42698063547792,985.6751222793656,37.125026487703316,16.38100479123713,0.34206371125715873,0.8845290279207144,0.7833249649676313,0.8560691467309269,63.77722370669571,337.16369042073353,648.511431858632,1746.2117437704374,1974.171212758617,356.1054889027013,1618.0657238559156,4.79905093527952,4.8974140690719965
66.57475018303859,791.4460724780664,40.06403617232839,23.985668807255724,0.4530726727716081,0.8004743639944191,0.8229820060097823,0.9031281354350933,74.31169577693703,358.58258741222943,432.863485065837,1633.7138822733814,2040.9321719199638,321.5263565235561,1719.4058153964077,4.795006438557946,4.99499493595773
57.135066533871786,475.99010395060037,36.59239877596958,24.354731674353992,0.35060526818405063,0.7655767988036517,0.8431931274342772,0.933554764018499,59.97390760394166,166.8846380485544,309.105465902046,792.9718476312192,1035.7835410769724,198.50564852514515,837.2778925518272,5.01710584234976,5.286125026493923
55.61869019374762,479.22130204936315,32.51956577554268,24.72757230178032,0.47311247663444067,0.8474264827913278,0.7595843026569992,0.7393043855951397,57.8631679344622,226.72557706855557,252.49572498080758,770.2572966181648,908.9370137230354,127.31973595501114,781.6172777680242,3.447415540292945,3.42193893799909
60.85392166316497,763.8240714300024,39.86278199384033,19.011030417863118,0.3205685184314953,0.7073425886966133,0.8984887711788976,0.8802871584992491,70.87826222562225,244.8579509206285,518.9661205093739,1503.847856362726,2126.0530334159507,454.2557757464922,1671.7972576694585,6.82762087726274,6.35621358682294
52.818484499495256,314.8994311914721,34.013637821359744,15.226660263217125,0.3251910392758716,0.7949538012087303,0.8216206914331057,0.7102893703909935,60.98193330328555,102.40247329653563,212.4969578949365,533.4215586155808,671.0095074764236,130.21137555355125,540.7981319228722,5.281104201036597,5.151049787266191
66.0439396150808,199.4267018182552,34.58620834888039,29.475230541817076,0.4958303110201231,0.7672646788540667,0.7835113871049899,0.8492698250166177,66.14584574091012,98.88180358826283,100.54489822999237,366.4235515302441,477.57124969900724,66.02801829558817,411.5432314034191,4.161971328082338,4.108680923421564
51.491012873595416,419.1599418766989,33.64706353432296,18.763395685366536,0.43476777965400093,0.8841071770205109,0.7267052482409976,0.7464528044860682,56.99153046197287,182.23723724963247,236.92270462706642,663.5712943306851,750.5552625044356,107.90359784172844,642.6516646627072,3.5264563618377793,3.499062270842165
69.73773873201034,358.51509248867353,35.30215064871498,25.14039432078821,0.4693774448857906,0.7024006054545364,0.7597112901009017,0.7548768777886253,75.12088350617871,168.27889806532647,190.23619442334706,748.1102916124593,1065.0763763626646,150.27373592745425,914.8026404352104,5.436229087262508,5.405591685060129
65.44489538593315,366.6773084103911,39.56751505688635,25.599448048180644,0.3648658754703036,0.8105629751436698,0.9373202929389959,0.8095142700077804,73.57031684707925,133.78803714825187,232.88927126213923,749.3490488996299,924.479740475205,192.62777549749265,731.8519649777123,5.470234712889463,5.653853194979408
53.97431363068345,310.246975944919,37.19385859503937,24.150111256192286,0.43529674990412087,0.8481327162133252,0.7762749217048817,0.8297311500149509,58.99668159918003,135.0495002964052,175.19747564851377,508.4317238036348,599.4718917030343,91.9756175010343,507.496274202,3.757853772788145,3.9015272429294368
50.11044234247205,137.8838706727257,34.04881274150713,19.693610913204722,0.41884836546171944,0.7970035975048082,0.7422148223417588,0.8869517273596561,53.23870606473426,57.75243385480627,80.13143681791942,203.90996838369654,255.8457314648023,38.62471667176578,217.22101479303652,3.7612443371502855,3.741873140390411
66.30922856909669,116.08654126007244,40.77830078152041,19.06644380646099,0.4206300240245894,0.7170806060325443,0.8151681979137483,0.7223285255315547,81.76430095185124,48.82948463915576,67.25705662091667,263.65930266800166,367.6843306734691,60.77799657828702,306.9063340951821,6.2852667064414955,6.492394819010836
64.13714687695234,988.9501507624284,40.79581854951529,23.965024240540547,0.4365064919075443,0.8944922780055804,0.7767719358400621,0.8511075283712334,73.42997389485258,431.6831609807447,557.2669897816837,2017.1828820498786,2255.1149201058774,345.47702102761315,1909.6378990782644,4.4237025478124785,4.47116817277708
64.58014336081975,484.9958203622761,40.70578425046007,27.991434504175373,0.4150718346258197,0.8036020862752196,0.7087898125677985,0.7547875390759303,73.46351195138853,201.30810494362441,283.6877154186517,989.7082290432654,1231.5899198702525,178.71218751738036,1052.877732352872,5.230180536683938,5.240301873196908
65.42540693371892,445.8939824437135,34.38796211381539,29.201005933850933,0.3858124738605332,0.8228372488638023,0.7807863043198543,0.8721925525095225,65.04812337415188,172.03146044613428,273.8625219975793,805.6824106052942,979.1516022370208,164.3429816154064,814.8086206216144,4.736393090592541,4.865205575054121
51.480893034681806,711.6825544237629,36.51239344180988,16.588587066056363,0.35518453887610935,0.7473219565415015,0.8360271559848671,0.891221383678355,58.02532176117215,252.77863991917582,458.9039145045871,1147.1002558958821,1534.9478840478569,289.6126354012599,1245.335248646597,4.926584180707611,4.93726285464379
57.169314570885454,296.42849907855776,41.849896561408755,17.3224291889658,0.4537162661826404,0.7966996170213607,0.8379280930049917,0.8670127769658561,69.58520587795311,134.4944317920475,161.93406728651027,572.9732815687244,719.1835785122037,115.22131488006794,603.9622636321358,4.49061166016129,4.767836586149854
52.317381190502594,954.9650655552028,39.7201247630999,29.171043881746193,0.34525448600063724,0.7858298983916644,0.7891397302942221,0.9214886531434923,55.42767166808272,329.7059728568264,625.2590926983764,1470.319169668969,1871.03999565075,338.35886236387876,1532.681133286871,4.648630171927253,4.448030925439305
67.26206851751186,807.7105129739969,32.2716742122556,26.04802842502189,0.43847086123088286,0.7149791684003967,0.8118256890631501,0.8006827732722703,67.79352278307783,354.1575242489466,453.5529887250503,1521.042807317615,2127.394579510061,339.4307471060896,1787.963832403971,5.048498789332976,4.970473599522007
62.46596253655116,180.46990208103358,32.65204591260492,28.244907372446598,0.34666656452986533,0.7212320707094934,0.9413794795586916,0.9295319774899393,59.94246831677447,62.562880955473105,117.90702112556048,300.4947607673263,416.6408746517918,89.68700683540288,326.95386781638894,5.2260040270378,5.206168379088468
56.617960497052984,475.8226982064355,36.63931376812333,18.039489512030148,0.42506603399089077,0.8674945039237549,0.7943371193075779,0.8298301245124581,64.36680579268307,202.25606720945407,273.5666309969814,850.7552002001132,980.7038504014396,156.75765173710414,823.9461986643355,4.073777415097596,4.1274843884593455
51.27116700572047,891.2064768059482,41.0922020586156,23.813788066641028,0.4494156534258058,0.747963990441318,0.7645567033149957,0.845255349496779,59.10983275787785,400.5221411110555,490.68433569489275,1463.3073832426983,1956.3874757918616,288.24147974222365,1668.145996049638,4.164928289412844,4.323357224490644
56.21964643431325,950.2588200622693,37.387017979527144,25.517093916262105,0.34374277778130785,0.7389916542997261,0.7608667610166899,0.8944306381783214,59.82835664166344,326.6446064193924,623.6142136428768,1579.233988571437,2137.011939692243,373.4717020905245,1763.5402376017182,5.398957163056403,5.395005358475964
56.50366644053494,520.6613601248828,36.978125080342906,25.201678281704588,0.3119886601722616,0.8009822902500279,0.8144411531760335,0.7055075151997672,63.21816625584679,162.4404401488296,358.2209199760532,914.3126785380599,1141.4892559642683,223.86962871981598,917.6196272444523,5.6489604830159275,5.4079369103809025
64.59212356676127,652.070250289637,33.05473699956631,21.122275363000472,0.3261947485988348,0.8537494262725026,0.8898800371792359,0.8961982664260745,66.66600796205736,212.70189136200742,439.3683589276296,1207.525569378602,1414.3793626318409,296.82454510678093,1117.55481752506,5.254089704463608,5.386889012140561
62.75114942710427,250.3305514828677,38.56780104724294,15.230923375369628,0.4211993934542051,0.7123893037157976,0.7514970460471182,0.8855755447216346,73.7227424634871,105.43907644764053,144.89147503522716,512.6404104920598,719.6071134394431,109.55185797591116,610.0552554635319,5.785855453376208,5.916897922200908
67.74425485152653,992.0517635232789,40.221031606002256,23.74389085206395,0.4698892812451471,0.8153615839276511,0.877324031785192,0.7929541350259839,78.36673104659181,466.15449011993417,525.8972734033447,2159.551492675719,2648.581359785208,431.1297319156025,2217.4516278696055,4.756902861321985,4.479785870929441
59.44429850323898,308.5045312450991,35.80420007507562,18.796523087694133,0.30899936424708485,0.7238420885681146,0.7052874558373541,0.7257382854698468,68.34269844370006,95.32770402208054,213.17682722301856,585.6675596499681,809.1095680945001,138.01299731765593,671.0965707768441,7.0398902151403915,7.039086794638207
52.39188491876603,948.458596721613,39.75611850925328,21.753813692143353,0.44683025180832925,0.7072922101651237,0.8047332444959865,0.7272806349739123,62.298821954684236,423.799993602893,524.6586031187201,1641.3292569041507,2320.5815549996905,361.5557265646462,1959.0258284350443,4.622524440787702,4.402010356488544
64.26489574445989,684.6819840931316,41.64476653900812,29.36371522625726,0.36826372919001044,0.7105487904324435,0.8939662663006966,0.9769671240955686,68.67446928083007,252.14354077135206,432.5384433217796,1306.1158856594875,1838.1790290073943,363.3396511927747,1474.8393778146196,5.849205469641708,5.732575044594335
65.21570097233794,646.9631153909733,34.037664591276894,20.98552976463652,0.3957056739839045,0.8668328216416883,0.7846832389436078,0.9067837963677512,68.19367648451997,256.00697561851166,390.9561397724616,1225.5220385663665,1413.792842136918,234.6371178852758,1179.1557242516421,4.60595154254218,4.481202717449226
61.22554395138992,561.4196599148577,37.23329631194741,27.5970240999664,0.4857719099691131,0.7235944967256123,0.8409342753613498,0.7381307841312221,66.8296953313521,272.72190049105035,288.6977594238073,1042.2084673650347,1440.321163415704,217.99434970664447,1222.3268137090595,4.481953270009467,4.590765866827134
65.41934359909122,307.6028305459828,34.871379580845755,17.82810908623877,0.36639430094716907,0.7090302728824583,0.7512448082064777,0.8070169507926719,73.0363574735714,112.70392406726587,194.89890647871692,624.0608414344113,880.1610668855981,146.63267484201845,733.5283920435796,6.508454768671433,6.531266285797902
59.87591192728782,258.87522880495743,39.92854419033839,25.086907470375433,0.3930673867878972,0.7875799774285824,0.8854988477815431,0.877744898170479,66.61447147918044,101.75540969048359,157.11981911447384,479.02323738594856,608.2217058767042,114.40853761308044,493.8131682636237,4.852942656962309,4.665775674753036
60.45465658763988,298.4375881631578,37.775933658811574,29.65510431658415,0.30273648295213623,0.868798694388405,0.7130697758171899,0.9506715115271946,61.52398970408841,90.34794582123247,208.0896423419253,510.0297528184193,587.0517026702684,102.15823180336355,484.8934708669048,5.36695623192521,5.508654497057185
58.55082036717099,267.7944359298291,38.34582417550304,16.52839651309405,0.3163197440009677,0.7524816752978604,0.913135661218875,0.7130982786139025,71.30773820741656,84.70866741820709,183.085768511622,530.4393202968623,704.9199172682771,154.02675570634287,550.8931615619342,6.503385997588324,6.2236482160304245
50.5083825348819,801.626026210078,39.97914159615894,15.12479913340788,0.3517183182269568,0.7843425235051833,0.749549096605417,0.7709899394410026,62.59283666367525,281.946557785567,519.679468424511,1393.7790812199573,1777.0030814996946,302.2178143557457,1474.7852671439489,5.230726272124199,5.282528318422405
52.15782853986609,415.1127332500571,35.95970472662455,21.503741889489216,0.30557044816421486,0.7079845065127502,0.9185995079270827,0.9669246970886141,54.928204322076574,126.84618393789212,288.26654931216495,633.3721396848557,894.6129948585947,199.73659836183492,694.8763964967598,5.478102493307904,5.344325476997144
50.628583713734685,152.05840890705673,41.150900684070436,16.38938224577051,0.4262750652096502,0.7898157028269752,0.7881323103251293,0.7027496650551449,64.38013265307647,64.81870817253126,87.23970073452547,271.9316815681127,344.29763879699,54.488511752894716,289.80912704409525,4.471072244647264,4.422023185021089
62.72820822527561,972.1923671267302,37.3302886724614,26.22576524514347,0.3852796713603245,0.8155226161274267,0.8806708936186216,0.7604197308381662,68.90457757587373,374.56595570560256,597.6264114211276,1860.791788315447,2281.7169647011915,432.33563570693167,1849.3813289942598,4.937398342864393,5.012091909535984
56.287119621526536,895.4072964670831,33.57954822835348,28.718229957728383,0.4096290405456044,0.8141814107504289,0.7798063244465471,0.9877072527918898,53.64630021379997,366.7848317493448,528.6224647177384,1334.3135733305594,1638.8406265634658,264.0684432702409,1374.7721832932248,3.748170764686156,3.806805206470699
60.17141382329406,934.9770548756917,38.95899118168803,21.51031459063138,0.3349294371792659,0.766485338434873,0.9264779178086618,0.8840205539566514,67.8041172448739,313.151338765043,621.8257161106487,1760.9803847238416,2297.474323931206,495.47472928329495,1801.9995946479112,5.75440488855757,5.985208729739191
68.15132947852186,995.4170403817917,39.932613504382545,18.880674632331615,0.3591864058873232,0.7631066361326271,0.7316592813795936,0.778501409991252,81.87876187508073,357.5402690937322,637.8767712880594,2263.9865226616207,2966.802299263641,486.8523309403443,2479.9499683232966,6.936141695617387,6.919025996140088
54.9858445829775,256.50572429753856,35.16761677067527,21.516049785099145,0.43276489497054504,0.7213247237873195,0.7446299473181497,0.7200973283187543,61.41831631336864,111.00667283496786,145.49905146257072,437.6152697526653,606.6827537186912,89.68778384552618,516.994969873165,4.657332362728992,4.700149668378954
58.207658460712594,456.6178170123929,40.57179256998753,25.851717267750015,0.49306054472607996,0.7733596641292536,0.8232575312897006,0.7084574021341666,68.1216200107607,225.14022958776394,231.47758742462895,864.0429283517025,1117.258849185717,163.19755717641866,954.0612920092984,4.237631336506154,4.181982254668788
65.11102277086097,782.4146281336822,41.06143254765766,15.135812423705564,0.31008335472044185,0.7198989337745929,0.7204846097595365,0.7734235238910782,81.84551600176484,242.61375267403918,539.8008754596431,1778.8091379702826,2470.915088932809,429.8799574361036,2041.0351314967052,8.412693464409307,8.45862421729319
54.575963309832446,726.418556248413,34.769044873778086,23.841809842270457,0.4780768641710532,0.8533191889424103,0.7489950461754404,0.9644457458766731,55.47629787796171,347.2839054469051,379.13465080150786,1119.4170058476623,1311.8385480526333,179.4873835502639,1132.3511645023693,3.260592117118684,3.30358165943029
51.53959819657586,238.50631570586955,41.83521472715222,24.199375273310686,0.4153762402622417,0.8932548595496372,0.9359415955530035,0.8247740962892528,60.19405435302035,99.06985669670334,139.4364590091662,398.79617030938175,446.45284158929456,85.50053776134574,360.9523038279488,3.6434119909245806,3.6326664926133434
55.79502905827536,834.249812491556,33.40711528048758,24.565323703439034,0.41278391335112474,0.8940148913333414,0.9441224152869717,0.9161000107497979,56.0268624933044,344.36490231270653,489.88491017884945,1298.3444313758162,1452.2626456920132,281.7990108711666,1170.4636348208464,3.398905135105745,3.214981831620801
53.22442574508009,301.9965146529946,34.0201566840249,18.630331199713158,0.4000557070415521,0.8730142198750788,0.7940648323326054,0.9754855106139873,55.51979577119101,120.8154291935882,181.1810854594064,465.74402269849327,533.4896180329542,88.95306263972384,444.5365553932304,3.6794684119437155,3.716057512719562
68.59395304685145,301.4358533403608,33.84224839238026,25.710790850671902,0.31387881718083666,0.8201584298679239,0.9308215052534838,0.8224121384808449,70.59001034760345,94.61432910236859,206.8215242379922,591.0655557342984,720.6724142669387,161.0917053238711,559.5807089430676,5.914333634788296,5.97901778101244
66.16240759128834,583.2769806040722,40.9398971000787,16.370872294976646,0.3179753703472321,0.8401731394487759,0.8362061689183579,0.7573832113112191,82.63847053301103,185.46771392259515,397.80926668147697,1338.9199326175908,1593.6238255558071,318.10264773132826,1275.5211778244789,6.877321938398491,6.736988779274355
62.66807513020847,633.6459413575328,38.54292552324962,17.98905504700201,0.4201824011318172,0.7570411605360828,0.7674356164684417,0.8551353792570758,72.72932246019353,266.24687310703877,367.39906825049405,1280.128888738469,1690.9633920459128,263.3513772043581,1427.6120148415548,5.361986032668314,5.155380072229482
67.42921180375436,622.07758705403,33.521042832222726,28.16205069981723,0.36819171428711167,0.8261540840345241,0.8755996802701496,0.9724251061179563,64.7970955851204,229.04381319701326,393.03377385701674,1119.6894686028068,1355.303435812848,262.419132231773,1092.884303581075,4.771507635707343,4.982772694787672
66.07344153798229,182.33815365797938,36.40323418368349,26.080847260898494,0.48345361331553616,0.7911299098879755,0.8647254516437143,0.9413123242413102,68.05836568134832,88.15203923123357,94.1861144267458,344.7121316476845,435.72127325649456,68.11839054279173,367.6028827137028,4.170100725060205,4.231582043499455
53.73140117772072,889.7147763673423,38.15298025069802,15.206183310170179,0.38131810747189443,0.7964034679553865,0.9472813297771833,0.7197489530089461,65.78342570982397,339.2643547141748,550.4504216531675,1625.7912748359365,2041.4166189027835,418.74156655084624,1622.6750523519372,4.782922313542244,4.750052010310102
67.85117996979956,339.04003832983545,32.83464084989383,18.725643905547003,0.3286562917405282,0.8515553120750317,0.7662618218523207,0.9077718400232746,70.85003818420479,111.42764174905025,227.6123965807852,667.2499906011972,783.5662359680106,141.08013585791286,642.4861001100977,5.765949005338022,5.569266796689395
60.786844838313016,216.56342915452376,40.82416368407338,18.21609724489747,0.4429437667004072,0.7563836711194503,0.8680148756654338,0.8715692567376861,72.36940612886643,95.92542103926154,120.63800811526222,435.3490765873256,575.5664660806434,97.40690257302664,478.1595635076168,4.9847012223371925,4.861806180944191
66.14880310328125,899.8732718820795,40.036035354415354,19.06209492055459,0.358670684288202,0.763607922338904,0.7130059387573617,0.9722389529039277,75.14604166837576,322.75816219860866,577.1151096834708,1878.386510697455,2459.883476515047,393.6922078916885,2066.191268623358,6.401670075664674,6.6518326945833115
67.92182599846987,960.086348406778,37.052067735766386,18.713396554198297,0.40509406147117866,0.8849283582257274,0.7284115096741798,0.7367444250550891,79.34110038665737,388.9252782391348,571.1610701676432,2115.952981911152,2391.1008865775498,362.65281133877437,2028.4480752387753,5.215521306361483,5.237060669931654
56.36006949943728,875.9148555389056,41.671266152591706,15.937894436142686,0.439566557101034,0.7112448589701944,0.7009795937377733,0.860210833961397,69.28334106537012,385.0228773628863,490.89197817601934,1685.730768903511,2370.113115958781,325.8866249631959,2044.2264909955848,5.309363705858157,5.221665696144703
52.201038490553536,828.5644672523903,36.177609792751,21.884107748952303,0.48005282224041407,0.797126859682668,0.9498651702649182,0.9638388080535677,55.037996913643774,397.7547109126351,430.80975633975515,1266.7369053164432,1589.128367623598,274.69339259447713,1314.4349750291208,3.3046371016277667,3.3551672399419203
54.55870325083883,689.7177825751196,41.841103190364976,25.991002121792476,0.4584382389603352,0.8825601600815723,0.9005684242868695,0.8230071360225228,62.849302221599686,316.1930056233652,373.5247769517544,1204.1189267965356,1364.3477025806858,232.89374028961058,1131.4539622910752,3.5783649295481634,3.490938512168798
58.54215577252513,595.7716335482254,38.679199988036274,24.100975870761545,0.4352722135745448,0.8220726015636314,0.8966807536833852,0.8445984753198601,65.11786073367546,259.3228377194586,336.4487958287668,1077.6492850685465,1310.8930805123453,232.3337597932578,1078.5593207190875,4.159137429638564,4.346403802336103
66.36029531844986,178.28808392026912,38.346712732539416,25.093075028971196,0.43592663647902874,0.8092814148424264,0.8274315188220449,0.7211382033000875,75.46569413218992,77.72052474765373,100.56755917261539,373.73983357058995,461.81689918501354,75.4406666621997,386.37623252281384,4.971353883383012,5.173111389161055
67.21461166512687,467.60789176362886,33.65954895295785,16.21723767804359,0.4891849288064173,0.749948835845871,0.77501677072636,0.7834430921346732,75.0704084630275,228.74673324170965,238.8611585219192,975.0976509786326,1300.2189007718307,180.16039358445028,1120.0585071873804,4.896500558999673,4.827963152985898
50.13904261062381,435.41966531108255,40.81927758304644,29.27236065265181,0.35916481949930723,0.7686550978128897,0.7378160711156689,0.7973519947506842,55.85332233917098,156.38742549790373,279.0322398131788,675.5454144287177,878.8667587724276,145.4405603996583,733.4261983727692,4.689802879212947,4.601352693174922
60.214946051551316,333.7784053842936,36.27489687920615,27.577377507645373,0.30022241883923745,0.8704096831609386,0.7711686847116159,0.983536734623466,60.39798574812932,100.20776022077618,233.5706451635174,559.9873158731638,643.3606228271041,121.51557072352695,521.8450521035771,5.207631135092295,4.798602976252434
58.34822006297558,751.0781023197264,33.622334057824794,27.07635477743494,0.3543909118796397,0.8118436263536917,0.7939928054822847,0.7848002081623476,59.821104703006135,266.1752535739172,484.90284874580925,1248.0644944167643,1537.321294277214,275.81564042993926,1261.5056538472747,4.739379926980902,4.5287267019141595
54.442156209414605,546.2881615708937,32.126075199757594,27.34475707562651,0.3435782759253488,0.8029484387513559,0.8890775242450735,0.8382606205808956,53.598349875241794,187.69274471095605,358.5954168599377,813.3373337938718,1012.9384335794605,206.90627928299995,806.0321542964605,4.2944236099149045,4.121856091124524
52.39730734667366,172.94159431688314,37.59755683638382,28.99065762199142,0.4323669170227996,0.7199159427080057,0.834915447225788,0.9013913270692839,54.259936525053426,74.77422395979849,98.16737035708465,260.661109171545,362.07158879000934,60.05825195345112,302.0133368365582,4.039003293420099,4.0553843203946975
56.75230342807256,298.16488175483016,37.27399622122677,23.163809491705464,0.4267423199531058,0.7032056312910245,0.7193709066388706,0.7486550117223632,64.04051679509546,127.2395733685997,170.92530838623048,530.4064754924403,754.269379951722,108.86725520529536,645.4021247464267,5.0723380129290785,5.022694984324981
68.85819407825039,714.9328872936363,39.19353622369159,18.00423026801439,0.41869227654094476,0.8927370377374099,0.704507252239728,0.8459327161425623,80.85788432664938,299.3368781549633,415.596009138673,1605.7766861696196,1798.7118471519534,257.82272886933515,1540.8891182826183,5.147675514558275,4.939914998135262
56.464058640415104,168.51777354127017,40.90258053017802,24.251754117788117,0.30324868864189075,0.7753972334573683,0.7255830448835158,0.9215617118427722,63.28621157746224,51.10279383924129,117.41497970202889,296.24587419154705,382.05691406794887,67.60223094966794,314.4546831182809,6.153375569004889,6.101472330511367
60.37581243486732,866.0862226438918,32.79406584643029,26.143222405019085,0.4457556108901295,0.8206426124199009,0.8026246784243448,0.9600565639081198,58.537271719367936,386.0627932581527,480.0234293857391,1408.2867929807358,1716.0780730457036,267.18920066560116,1448.8888723801024,3.752987590832817,3.8098833121620372
64.06037917790356,545.6318743125769,39.31496490340362,26.06876090031038,0.3647060824970983,0.7159430146374569,0.9332982292622545,0.887877782398728,69.89810904456822,198.99526336608903,346.63661094648785,1059.4065624692398,1479.7358739587785,307.0770686790029,1172.6588052797756,5.8928980792997585,5.986213184038651
57.27259204758588,532.5279195939831,33.874119440975825,22.8217353625032,0.43301119780132624,0.8366228571446093,0.8593506203023054,0.9007160545950843,58.99283462866068,230.590552326039,301.9373672679442,872.6480971042378,1043.060310451692,177.87804242647601,865.182268025216,3.7520282565692824,3.5381997594108596
69.43564165441921,633.1670061935658,40.581770531571635,16.02688079000367,0.41131568570043064,0.8865133417411922,0.9004564749688787,0.7378850417753706,86.99296383344654,260.43152131539534,372.7354848781705,1530.029846398014,1725.896017980843,320.204816640991,1405.691201339852,5.397546327111037,5.376777084771398
69.24894589884222,842.2128693326342,40.19063513861656,20.566694076451917,0.36854618508558146,0.8151330505994839,0.8165936486261371,0.9837329491739042,77.66504800342831,310.39434002252364,531.8185293101105,1816.9584146062257,2229.0329330530226,402.2834059842396,1826.749527068783,5.8852539867067994,5.641014632027412
55.035645916507285,413.0282871119737,37.40793754985545,28.81149912695036,0.32691525342082156,0.7252230644750821,0.7904165207987607,0.7397722232453446,59.60070839094597,135.02524715117875,278.003039960795,683.799402704796,942.8814887454405,175.57024353780983,767.3112452076307,5.682724241552571,5.836452507348851
59.94497011784771,710.2145373031572,39.10242798623312,23.766733646361388,0.3188837795320962,0.8163443054946953,0.7271000931791556,0.9324018811545395,65.56477679319858,226.47589593386965,483.7386413692875,1293.4738225990639,1584.4709320477632,274.6425000695858,1309.8284319781774,5.783522465281002,5.919576317732504
56.017566196335395,609.1587675962119,35.14350113183748,23.074979148835702,0.4663036666224447,0.8532694426209305,0.9189832555465511,0.7794448965334956,60.77435146706822,284.05296688532326,325.1058007108886,1028.367473364953,1205.2083691245118,206.88642764197863,998.3219414825332,3.5145626269257444,3.419877439097693
55.69680988754935,340.3254431524792,36.71167898932815,19.032802715732902,0.4836795084163116,0.7812833073148038,0.8957900072569757,0.9800779431103754,60.211656605759316,164.6084430455545,175.71700010692467,569.2099643694428,728.5576935283094,117.93903447923364,610.6186590490757,3.709522110479414,3.624272262001485
50.737738947090655,890.7669877196422,40.216368977104715,20.526733798748683,0.42995760935285987,0.8759675495882936,0.7420295243994313,0.9159878618108439,58.093696166491696,382.99204453038567,507.77494318925653,1437.442964992387,1640.9774148231722,242.93997728373265,1398.0374375394397,3.65030411859775,3.599791168171528
62.19128667959794,817.6834194462353,36.59265197173214,28.43019133729754,0.32068682297209666,0.8297365906714729,0.8280651409690651,0.9261441138935107,63.30178809567126,262.22029797917355,555.4631214670618,1437.800626309152,1732.839846372928,341.1622828301512,1391.6775635427766,5.307283891704327,4.948597468848461
60.05358046457723,692.606651192583,35.577982653254416,24.996945712902537,0.38040544337764814,0.8798497836578405,0.8218437019803112,0.765717751917965,64.83325348802131,263.47134023322263,429.1353109593603,1247.3317384516192,1417.664425927377,252.66105832723412,1165.0033676001428,4.421746086572041,4.46631306525575
51.02957502499979,865.5235561848177,36.942124472503,26.810805401284995,0.44578784002103145,0.8247010622494675,0.8562728881716322,0.8329119929905482,54.349700887675084,385.8398765989517,479.683679585866,1306.6929552744912,1584.444370315633,263.16812355460326,1321.2762467610298,3.4244159997344856,3.3963860028366626
55.572929284732226,880.5647808638221,40.28249252437219,21.815181346014825,0.4559641768020136,0.7262575944009648,0.9365467234978153,0.8853439583767859,63.620052821606684,401.50599542741816,479.0587854364039,1556.154940872302,2142.7038462239516,382.108888335946,1760.5949578880056,4.384978002666651,4.512603894540512
68.16531771933307,737.5266790435313,35.352080473708725,24.453708291842368,0.3236437244582177,0.7619383422210378,0.8449428604406198,0.9309920854619802,70.24962795754038,238.69588129294903,498.8307977505823,1439.1937447657883,1888.8585401419255,377.80729817796765,1511.0512419639579,6.330445392601727,6.121842805410458
54.79123781333945,853.3119955273048,33.73761593135744,18.725754131148115,0.30000614376907647,0.7403589896504914,0.8350543166946546,0.7311878127737168,61.00431918176915,255.99884121004214,597.3131543172626,1445.9921482438908,1953.095955418215,399.5770890361017,1553.5188663821132,6.068460540832998,5.955746845391631
52.89789744182446,727.7243155023552,39.120140203307805,25.581912454252294,0.442427409176121,0.8817652995433725,0.712580733233666,0.9887095949363585,56.09498321872186,321.9651835021731,405.75913200018215,1133.9356462766796,1285.983522898775,178.82940875606747,1107.1541141427074,3.4387386303688166,3.2833222322954527
59.789055205551264,712.1266945842704,40.25978212708082,21.41402000555006,0.37131923519724114,0.8520800134574965,0.715726869004506,0.9670662011663669,67.01237433161039,264.4263395965706,447.70035498769977,1325.591684139264,1555.7126833199536,245.00499067616667,1310.707692643787,4.956797021974077,4.807455087744327
69.71300908221201,656.7502403936659,33.00637478523533,21.638182722221185,0.35089626632365206,0.8352796737820012,0.7468366978316971,0.7811045771486753,74.00761315662601,230.4512072612983,426.2990331323676,1350.1254925437656,1616.3753709349014,274.2521405721339,1342.1232303627676,5.823893249736783,5.61738114069042
54.84110543023001,777.4449756018771,34.39874112755945,24.739834868653226,0.30257949395790507,0.7601932639263244,0.708117692922937,0.9468280729096996,55.32832918870662,235.23890729773183,542.2060683041452,1194.853653783518,1571.7761659873372,271.6807714107026,1300.0953945766346,5.52670223438489,5.691835733072966
63.44271094811757,242.74459476376634,33.41971989760994,29.0442093220339,0.4080598813522999,0.7368089544100427,0.8858382238925031,0.855497176911947,62.533131467455185,99.05433053821461,143.69026422555174,421.6549904826871,572.2718052745478,105.02739294504492,467.24441232950284,4.717051842061994,4.618239721865163
65.23239230657435,892.7836832790356,35.47941411582167,15.960095199129313,0.47023014708519634,0.8512902175977823,0.8808325759984907,0.8385419444686055,73.86553419663932,419.81380270356425,472.96988057547134,1831.8317690958113,2151.8299297094886,351.4443750400264,1800.3855546694622,4.2885334952665595,4.304509442766308
54.752750879847994,884.6591749707088,36.50350978905413,27.371148560205114,0.49152632925451756,0.794831589175816,0.7340140586079107,0.7943302317434215,58.31448796360061,434.8332769146825,449.82589805602635,1433.0124114088403,1802.9132597696232,235.513455678958,1567.3998040906652,3.6045994805457373,3.5634244935126045
64.5643269722372,126.32255473110322,39.48826336963307,19.385746656182896,0.4131489901226578,0.7451579104301258,0.9090197251988201,0.8742905759894777,74.72167994912664,52.19003591686947,74.13251881423375,262.19537513815357,351.8655193324152,65.69705752808015,286.16846180433504,5.483201089574961,5.27437908968159
57.355662654385064,843.2350755082864,38.511475848816744,21.658791817595667,0.40289226554797886,0.823324395633055,0.7386965087115279,0.9189667353110793,63.49754639380803,339.7328899610545,503.5021855472319,1487.3155091103788,1806.4756941482103,278.88098910304757,1527.5947050451628,4.496458100422009,4.473755426389772
62.64611661187159,215.9828807261007,38.20928567478431,15.328699931625135,0.3170112770978482,0.7080667704276904,0.7752938967493397,0.8232798714888274,74.49260799148216,68.4690088502534,147.5138718758473,446.92022407779075,631.1837283478782,116.9778774398878,514.2058509079903,7.510052497365562,7.645031421574828
62.670594215217896,401.6069688332277,35.52374946609655,19.515691167514696,0.40977456030851994,0.7652340508256507,0.7622442247903412,0.8887657579024876,68.13443246091781,164.56831907047336,237.03864976275435,760.09063593893,993.278638239933,156.40520679382024,836.8734314461128,5.085264503964078,4.90101122491718
60.71549368149517,769.157430662447,40.4144755308476,22.539468639451957,0.37599581579307895,0.793711398918227,0.7930767746432619,0.9097938763465911,68.75032467512341,289.1999756152353,479.95745504721174,1468.8839745646378,1850.65248724741,320.54990543695556,1530.1025818104545,5.290811586534059,5.419237486374493
51.80579540108817,244.68390644347738,36.712871673981645,15.842641160211585,0.4214270561767154,0.7295916668218811,0.7636659414724905,0.9133365451045857,58.51230530863026,103.11641838629352,141.56748805718388,397.69498438691863,545.0925530979371,84.29461585774236,460.7979372401947,4.468715500900728,4.354800669303318
66.70604991178476,836.170321707156,41.79104938015155,22.36643594074748,0.37774526957530935,0.896930895518168,0.822237731609613,0.715589829439354,81.45313701952388,315.8593835841428,520.3109381230131,1891.908216268676,2109.31324333041,377.72413278283483,1731.589110547575,5.482151870553156,5.4027181335401355
56.41560129943472,848.9207601619677,38.34142138295737,28.90665943287641,0.34805982469007335,0.7418194729179228,0.8018519703386713,0.9579243417055201,58.11611871982355,295.4752109577383,553.4455492042293,1370.4438800359935,1847.4088778573,338.0126985762784,1509.3961792810217,5.108368226182297,5.189695970294969
53.73037020799708,556.7209603847525,33.26264741564503,16.580898271617077,0.31899305504567527,0.726070626008653,0.9466423726948316,0.8374759944295144,58.5780435239757,177.59011996109456,379.13084042365796,905.8784624479886,1247.6451050330643,281.5117926362313,966.1333123968329,5.440242467365234,5.331964860658502
50.81550283109528,105.74728454515022,38.76177562075434,26.466610921132563,0.36298368891777916,0.7407069747773792,0.7139815875320563,0.7787248245088643,56.574789072543666,38.38453943723668,67.36274510791354,166.18417550378138,224.35886411590536,35.714850938708956,188.6440131771964,4.914583213526684,4.920123156714964
61.81785886376484,358.3343198574215,35.25104015431699,21.14506580063989,0.31932896685755047,0.8538122266319449,0.7355453440968378,0.7725293522439044,68.32924619505546,114.42652814967344,243.90779170774806,680.1309433798751,796.5814053317147,139.58698556299458,656.99441976872,5.74162679225355,5.687421673438164
63.55128723684565,655.234226538168,38.86327196686098,24.82760571786507,0.3353793901647968,0.7851011318543686,0.7132064734771506,0.8449042338531851,70.45938017805521,219.75205531147307,435.48217122669485,1282.4277075924092,1633.4554308479735,270.99695717840325,1362.4584736695701,6.19998057237027,6.224042946217768
50.331756578557126,983.0675602246811,32.696411481624054,18.90354896977844,0.4974672317159092,0.8130831879505076,0.8564602987455939,0.9660494618406877,51.481602773663106,489.0438977746849,494.02366244999615,1405.830378754477,1729.0117414653146,260.45794437314873,1468.553797092166,3.002907926618821,2.788433716683184
60.24186116598562,668.6321743150015,33.74881437175959,17.392383938120375,0.38882071138132374,0.7042018313972721,0.7136273193534298,0.813504274504794,66.21729886699636,259.97803766960016,408.65413664540137,1229.861569964057,1746.4617601515956,266.6043439900718,1479.8574161615238,5.69224011930669,5.379790472283889
54.52991550395876,333.82322295774384,40.55737258905786,17.406939214068395,0.4063743533010033,0.7068862617146628,0.9091099343440308,0.924917724035063,64.07556443120447,135.6571963463098,198.16602661143403,594.1642064239236,840.5372103040816,158.76473685503555,681.772473449046,5.025700750210085,5.118570725541913
62.903455808188994,670.6051327896503,34.27179557023515,16.057379184647168,0.47472370574744305,0.7891651099654032,0.8279846576704819,0.7290456192961655,72.08652074000678,318.3521537311589,352.25297905849135,1342.8219670332255,1701.5729029025301,259.0172548620482,1442.5556480404819,4.531320523933653,4.67231456564745
53.48732858009983,585.9868417442699,40.3704112524294,17.784700573518645,0.49911378009813756,0.8633310486403247,0.8317519061453834,0.8428170106453186,64.01487215514764,292.47410767075166,293.51273407351823,1041.996465523838,1206.9489069863716,175.99074054043422,1030.9581664459374,3.52495533589771,3.4286725869813894
63.81875476204932,801.8608556360292,34.7927608845441,24.963290774834526,0.4165428898689363,0.877047775741513,0.8403986269280486,0.9975058421178207,63.68667001639514,334.0094380794095,467.8514175566197,1418.5513253321126,1617.4162509365892,277.5774089314309,1339.8388420051583,4.011380186468314,3.98201347156324
57.734706926010745,196.28257494426256,38.42881910058708,28.22535917765262,0.46249476420883434,0.717341313519128,0.7427034265765526,0.9311313408377011,60.35961597434309,90.77966321714958,105.50291172711299,329.0983568358585,458.7751334457095,64.10118250091816,394.6739509447914,4.3476031630643,4.38604283374832
68.73459977473469,784.9251122518252,38.94150573509831,27.211885283867428,0.36538820486733503,0.8076726204202045,0.7494225757786218,0.7631585465321838,76.59116745172605,286.8023777209859,498.12273453083935,1669.953630820678,2067.61203561891,344.1692040355907,1723.4428315833193,6.009165074844537,6.134134844879186
52.75041888291987,587.1399208084993,37.12654753145053,25.27701464811726,0.3611487914894582,0.8826459372558542,0.7797043307182512,0.8504324421093732,56.74944631954434,212.04487283520572,375.0950479732935,925.5518171662069,1048.6105221803286,182.81504039370202,865.7954817866266,4.083076710180558,3.834701854868907
56.82132702100517,966.6928034730952,35.05310676696731,16.65647795116654,0.38054074419891204,0.7775945508795773,0.8483741039554629,0.77008742909457,64.84644204817272,367.86599884538424,598.826804627711,1741.294134966769,2239.334281595854,411.8955718134466,1827.4387097824074,4.967674956419357,4.835628158060533
52.26947042481178,407.6849494348175,34.12644376371096,19.337811694439246,0.4345014525347298,0.8659131662856737,0.7525294439850536,0.8228682781787527,56.78656523444585,177.13970270597608,230.54524672884142,643.0841104495006,742.6658185693188,110.61562334339835,632.0501952259204,3.5680888336762306,3.532488650529632
68.49387236557126,669.3597038205534,32.33189354562426,19.647103129837035,0.4364383378510197,0.7267391308798872,0.7290829317833153,0.9340252071204894,69.92551025280325,292.13423655989317,377.2254672606602,1300.1477453421512,1789.0157418219922,257.2767725348794,1531.7389692871127,5.24327099529492,5.353873633348733
67.54678706761962,938.8252949590158,35.03946401240724,18.74935419596432,0.36304788692989015,0.8870788979335598,0.942529221604608,0.9313674445871211,72.42764270924954,340.83853953120155,597.9867554278142,1888.802861936039,2129.2388606424793,447.39799615799495,1681.8408644844844,4.934421051086926,5.304270290293505
55.15883255430311,192.25875519161133,38.53162790531283,22.725084895645846,0.3266419848273257,0.8502846635062605,0.7054954537024056,0.7684301133707155,63.246236531111116,62.79978139621883,129.4589737953925,337.76785294515656,397.24090935890393,66.04839449193913,331.1925148669648,5.273784518092381,5.237710925929816
63.199680920683576,943.5056385128061,41.38304818448483,23.033307223195088,0.4264792512931017,0.8882668785573804,0.9006743513340054,0.976666995446458,70.83271556327868,402.3855783037614,541.1200602090446,1856.4185145868676,2089.933284016901,377.8482339386188,1712.0850500782822,4.254837008064506,4.075243214806323
66.34444400402433,719.097150070732,40.71204482263052,20.353289627566653,0.3256651724377529,0.8353234467105013,0.8970087873937554,0.877770454829448,77.44586030811351,234.1848973772816,484.91225269345045,1546.9749286761237,1851.9472125056486,392.0748055874277,1459.8724069182208,6.233845236254948,6.30907554435771
61.10401623198925,161.0533531946547,39.660647765353026,20.30683738104654,0.415698501645866,0.7726807863998854,0.7743035284612739,0.8139772872886043,71.61572886610352,66.94963760806041,94.10371558659429,320.38759098236665,414.64417987553855,65.65863601266,348.98554386287856,5.212657698103244,5.4192346642485845
60.59301156712013,370.8672102521346,39.884473432532985,27.428333968591218,0.43868442561126175,0.8876362345049444,0.7339066540018283,0.8505806742342582,66.62762286414447,162.69366910750873,208.1735411446259,686.3889060376833,773.2772495711586,111.49392258994784,661.7833269812107,4.067664898158399,4.080845855610812
54.83704581800903,737.3548797807534,38.64984903475995,26.83939272479528,0.44012229927889035,0.7551133552618357,0.7364071616763558,0.8815213760313231,59.01369995655411,324.526325073615,412.82855470713844,1208.7233232467338,1600.7177132069248,230.99042023437593,1369.7272929725489,4.220697019453945,4.105896355087195
51.862055356117985,160.6155413218945,34.60286857566003,19.616937475211184,0.45069442213191935,0.7664345044123465,0.874357904309298,0.8679671595537356,55.90317312950704,72.38852858147666,88.22701274041785,249.41440038353784,325.42167523469345,54.70383459633921,270.71784063835423,3.7397892448338506,3.847270108002739
67.94431515906653,623.953414158646,41.0719503070583,28.70682665809889,0.4745718843131329,0.840161683600348,0.8607016477715433,0.8459215106608534,75.25931473413185,296.11074748088123,327.8426666777647,1304.3973993222683,1552.5552102454008,245.74293446612594,1306.8122757792748,4.413255131388471,4.501107014560928
68.00836114326661,411.29475125766106,38.707323119058344,29.292225255037593,0.3999917983929577,0.8530632599050773,0.8956864185628466,0.8514798412268201,72.41403051203714,164.51452722513605,246.780224032525,827.319740750361,969.822262469045,182.42038560493106,787.4018768641139,4.786214871994644,4.638883570103906
62.66202914546536,658.8239659907294,37.6044063098044,19.90113813045061,0.44604983790591424,0.8858806967698307,0.9343702930997762,0.7529235731283658,72.78889045984312,293.8683232386964,364.95564275203304,1332.0851525782948,1503.6845903014373,272.404645425526,1231.2799448759113,4.1899035979995585,4.237847695017849
56.780595820974014,141.16783043126156,33.10989469213481,20.31637423189582,0.42383454707316737,0.7409604818112419,0.872981840816648,0.9438198712914038,58.20266135475563,59.83180347213544,81.33602695912612,228.2317619104523,308.02150386286576,54.22524281666382,253.79626104620195,4.241828698417868,4.36873558956305
56.98419149225322,884.3831255371387,36.47055543806425,22.584512301329383,0.3373279879595365,0.8595996070438447,0.7389628841378608,0.8625280959823046,61.81498672508918,298.32718032280917,586.0559452143295,1518.5591990269752,1766.5889869927773,302.7783495061832,1463.8106374865943,4.906729034554133,5.080705460178358
64.5191135774048,976.1400722596572,36.60358271201926,29.116812188005103,0.30513792897388164,0.8477092106793926,0.7608606541913526,0.7393239585114109,68.89179362434176,297.857360037727,678.2827122219303,1868.00112240451,2203.587148601829,407.7575470370253,1795.8296015648039,6.029159733831461,6.017140789242758
67.94220519905154,971.9900697571223,40.6456360952267,28.144791497134673,0.35690827713538675,0.7127589112507196,0.9105484327182786,0.9298471304748334,73.35376720338562,346.9113011897189,625.0787685674034,1980.5314805824025,2778.683576340068,569.486075417284,2209.197500922784,6.368191215871107,6.299781664358814
67.74172848530235,774.6866485686322,37.46648220187788,16.53851943875385,0.38860674126752387,0.7774446282420414,0.7523265189585521,0.9797331935132052,75.4592232823425,301.0484540037157,473.63819456491655,1623.8125774497228,2088.6536718653383,336.24938189444646,1752.4042899708918,5.821004116331595,6.035323095437627
65.59751091715248,217.07761611756877,35.804005489704096,20.890961149071245,0.42342118888573127,0.7565530914120197,0.7181305792386203,0.9841920697710886,68.89615925836665,91.91526229698135,125.16235382058741,415.4392780961833,549.1211162997345,79.57896519457346,469.542151105161,5.108424209116156,4.922963812805844
62.84063292308576,782.4368763361203,41.768003285106595,23.30056784624658,0.4699918661006411,0.760898084870806,0.8758200135105626,0.8107053197233518,74.14564569235188,367.73896761516977,414.6979087209506,1611.5079835957922,2117.902536013627,344.08949549290884,1773.8130405207182,4.8235656178188115,4.88703109747003
51.68279929990098,122.12822481292136,33.10720593326316,22.5469870882731,0.33924914334123313,0.8965893759109402,0.8006315888725355,0.7406550620682262,55.18446361200155,41.4318956455691,80.69632916735226,187.21057161630566,208.80302248294944,38.66119567216429,170.14182681078515,4.1065421738428425,3.9377600101060515
53.232574281892276,119.91119637609754,36.22548428311944,17.90794601905339,0.3251099579796954,0.8285554826959856,0.9300100131364759,0.8555198879899195,59.76989779433987,38.984324015128074,80.92687236096947,199.08555421656575,240.2802930816094,52.78455225956567,187.49574082204373,4.809516275036217,4.963234610650316
67.97108377054158,391.24919723458714,32.42024675171405,27.88225156752232,0.4926959894948655,0.8435352315586999,0.8625637677734154,0.7337827688047661,68.93235529206046,192.7669103705667,198.48228686402044,749.1591297641113,888.1183639239363,136.01863172173643,752.0997322021999,3.90160184004815,3.87139811429241
62.1285811931918,539.7788713641992,39.399041207669306,25.15411174495256,0.3216089118752814,0.8953235274630018,0.7226047444479151,0.9801962255537852,66.53950694902652,173.59769547270758,366.1811758914916,997.6838878354397,1114.3277901592592,191.18858044389142,923.1392097153678,5.317692767762003,5.520070844687203
50.18394103233259,793.3666760270139,41.1807655219915,27.568625622777056,0.39569821402143784,0.7754403564915278,0.9369641418134151,0.7550738882065438,57.65620642298533,313.93377676801407,479.43289925899984,1270.6253567258677,1638.5855418652695,324.72371819000654,1313.861823675263,4.185155981626534,4.246855152727801
52.02943085732064,714.9658389458547,34.8003732955049,27.881464190242085,0.41711274575866036,0.8603680336905613,0.7646393159100614,0.7758297579853491,54.08599804315029,298.2213642063496,416.74447473950505,1074.1566935040223,1248.485126645642,194.7567868297941,1053.728339815848,3.5333764320343497,3.403713506071696
63.27003538216111,501.3124357390735,40.58341676799121,26.225337804986097,0.40827488418148766,0.7869061926608991,0.7843031226015714,0.8219909580654912,71.52269301658471,204.67327664010972,296.6391590989638,995.978206854503,1265.6886121160558,205.58852201604947,1060.1000901000064,5.179474856231715,5.400839561765249
50.10123167692437,346.2639996534993,34.92218230461898,21.58815901874576,0.3172064314065886,0.8739067343629959,0.8005651034208855,0.8149493405677377,54.26261505849757,109.83716765465874,236.42683199884056,521.9219478281547,597.2284310277018,114.2600988659328,482.968332161769,4.397130247206296,4.601761071661644
53.21616102834997,997.4120501419401,41.10770161643915,24.158201325231367,0.3114053828007239,0.7361315082622606,0.7128060741010782,0.9383988677193666,59.563580879643,310.59948128450566,686.8125688574344,1650.2620366377776,2241.8032893788877,385.1239805519842,1856.6793088269035,5.977728298670937,6.1359503667013
60.97467578733172,483.5631720123757,39.53961903596784,17.405481091796148,0.3210966854922071,0.8895372354128559,0.8241288555576511,0.8368950461652886,72.46391137429902,155.27053175927185,328.29264025310385,973.3577455716584,1094.229344002558,214.2789210644073,879.9504229381507,5.667208149337746,5.537725840682646
63.83790395385387,506.2483218967079,40.04906776841439,25.104681262123613,0.4171175367745225,0.7437543416821759,0.730829622768823,0.7512304780010011,73.73603534837056,211.16505302579037,295.08326887091755,1036.909559956359,1394.155975763642,207.86268865187952,1186.2932871117623,5.617848550758424,5.566274349258466
63.03922519005201,247.26143907250227,32.18006555600454,17.688798836089212,0.40886897752686424,0.7652441013961863,0.800242581672088,0.7801629686458222,68.1184386695183,101.09753177539504,146.16390729710724,467.86286591103004,611.3903590467606,101.22599141883835,510.1643676279223,5.046259376157048,5.068275279938515
54.4853861892112,815.3285938749365,41.62810357074026,25.409243857652353,0.34674815840734885,0.8512384468213561,0.787677446998021,0.8527340155562566,62.34410208003777,282.71368842298745,532.614905451949,1411.970252369797,1658.7247176655287,298.7248930239244,1359.9998246416044,4.81051990169933,4.70896351526883
64.24358442695072,724.3140032033398,39.266709920703235,18.44397241130953,0.4275548283691183,0.7787510283130813,0.8932100208566258,0.7442361752278405,77.46024474077826,309.68394932495295,414.63005387838683,1558.4872210362098,2001.2650569620193,358.1460289469733,1643.119028015046,5.305793314754304,5.575170548666983
54.744981749936,298.69265150988434,35.047510953861334,16.7632695022533,0.4640135004111299,0.8216422753532894,0.9007926279081827,0.8834967026938042,60.4348500953303,138.5974227741832,160.09522873570114,501.429044960461,610.2765887318259,103.12724797081043,507.1493407610154,3.6591541935618377,3.6749975779895867
56.507993963185356,174.14294105425842,40.293946648588474,17.479267352144362,0.30831579196931874,0.7889147002138857,0.7383532205972719,0.8697241919653438,67.19236887103204,53.69101878701007,120.45192226724834,325.02990921122563,411.99626413743533,73.64331949582143,338.35294464161393,6.301853685880785,5.790770570234322
64.92982810236049,712.4493718672418,34.8152119841493,15.029882028286053,0.39962598870960847,0.8484739874179563,0.7916377968448065,0.9144106949146773,71.70954032161445,284.713284637986,427.73608722925576,1419.1504710839683,1672.5916081442554,278.23154268142264,1394.3600654628326,4.89741835276765,4.9472773743329705
62.992657980944294,689.0600928530217,40.72753839566128,25.781094267802956,0.43786208242053803,0.7456662504737221,0.7933382902579579,0.9813113846138103,68.35822717469067,301.71328716951336,387.34680568350836,1308.4146212294527,1754.6920226015543,273.8862579617235,1480.8057646398308,4.907989895081621,4.856727305517302
66.98446820988356,345.9335742983884,33.12580390411937,25.986015735875686,0.3504623854139374,0.7116915974473753,0.7378526109840212,0.9736763683303467,65.09786594807892,121.23670564338276,224.69686865500563,625.5427068504524,878.9519352119469,147.4372071100369,731.51472810191,6.033772727656073,6.0202100333295325
63.15225784600687,955.7772060253693,39.03685977460796,22.724000248698893,0.3615541810586298,0.7599858794946133,0.8996133762627976,0.9838226854206493,68.52678204887664,345.5652449990077,610.2119610263617,1819.3426745717984,2393.9164182651025,481.23474876518503,1912.6816694999175,5.534936447400576,5.473727904513427
61.36617206670943,235.9521026028102,37.4069847664491,17.420442015830755,0.42272758059787674,0.794861732973686,0.8768070820838558,0.7734146791071103,72.02123925670179,99.74346147026793,136.20864113254228,472.0434120744123,593.8685842988485,105.20666491405065,488.6619193847979,4.899187497422685,5.017803648845063
51.87349535656185,489.1013209383417,32.96534470195441,16.253315062660345,0.4795870586887474,0.7336040104385357,0.7475954465742587,0.7394695919918064,58.01500292998602,234.56666390960035,254.53465702874135,788.2004046471645,1074.4221588646878,146.30451753448156,928.1176413302063,3.956732921298201,4.089642086147523
57.35431606118867,949.254328150839,34.41893828258839,15.286934496559304,0.46198488406057986,0.7709594579312777,0.7916804771484497,0.7906830101489345,65.1198636217088,438.54115073476896,510.71317741607004,1717.092010874985,2227.2144056478314,332.0278279351493,1895.1865777126823,4.321570677089998,4.358267704472235
55.30404735363451,477.75458523351006,32.12404036277315,17.48622265447831,0.4166260438199167,0.7799966036587137,0.7264512562141285,0.9685255518298943,56.628900013565634,199.04500276266248,278.7095824708476,751.5199066169712,963.4912550796151,142.91221075075916,820.579044328856,4.122580486520925,4.080615356152304
54.87979286758167,674.673352897677,36.68767965464506,28.362833024747204,0.44604434355144984,0.7114783687376547,0.8570516492732609,0.9916160423870465,54.893017030583344,300.9342328049,373.739120092777,1028.7459958525817,1445.9272987846998,240.2683123173393,1205.6589864673606,4.006386961130496,4.001418575979785
69.46021109504892,457.83495816651487,35.0126526076,18.623052625525226,0.37296449404155974,0.816661449636841,0.7303429811371549,0.9577974853211428,73.94207744602654,170.75618352711288,287.078774639402,940.3685537290769,1151.4790543220167,184.56233676401084,966.9167175580059,5.662557557714901,5.6658870764243
57.861954493335205,346.793682113803,37.98357484297759,20.314069908258233,0.42819310561975155,0.8768686855942576,0.9464835421562294,0.733005316338263,67.74124247483843,148.4946637536182,198.29901836018482,652.5620808003657,744.1959001627725,140.96710198727126,603.2287981755013,4.062292764784978,3.9645015924293063
67.84093110354226,985.5798831638454,34.97237807708617,16.580182267219996,0.3932363182255114,0.7303485825906104,0.8951705186719655,0.9842283994179379,72.7230628548473,387.56580457248026,598.0140785913651,1990.9552164388165,2726.034203252266,518.2325574810651,2207.8016457712006,5.696585250101213,5.795522742110571
62.62277251994526,468.40060568353874,34.99919111506985,18.335419571222555,0.3379872272915122,0.8195616026803028,0.7975596373959988,0.8270074082052358,69.38402757413458,158.31342197664418,310.08718370689456,902.7644594579998,1101.5211748642073,203.55905705239846,897.9621178118089,5.672052985780854,5.750334518880004
65.89622607083297,904.689283311221,39.431931987316034,22.788368561703077,0.44034765477545146,0.8329478409821692,0.8446409830698386,0.702793087228706,77.89725650832398,398.3778042065801,506.31147910464085,1957.5781434007213,2350.180944214281,388.8300516984479,1961.3508925158333,4.923343800295582,5.150867455122805
60.052741862103844,306.95914530197757,32.481428359783536,24.116290246434787,0.4112929274697644,0.7838669360838577,0.9278354540541022,0.8327181222244581,61.112917075898196,126.25012548486714,180.70901981711043,521.0880220146761,664.7659162893054,127.08871997449029,537.6771963148151,4.258825044726496,4.41921449725203
61.53807769252718,291.794233622575,41.02894995191987,18.680284712493165,0.3717243163907183,0.840219517472854,0.8385248200989565,0.7138207509026402,76.54814562012155,108.46701202010524,183.32722160246976,620.4529857347956,738.4415296623258,136.16024717029165,602.2812824920342,5.552667776820444,5.438448026212142
59.85035387637728,128.02067459606022,40.52263874391181,15.865982388376757,0.48226783801572615,0.7821463086982023,0.7436246215994887,0.8631633763483353,72.3988661907337,61.74025395875675,66.28042063730346,257.4597691591007,329.1708549869839,44.35558642048593,284.815268566498,4.613121105021014,4.726645177336866
53.90485975596089,686.5001428382966,38.678046832264066,20.86549303691098,0.30418682356534665,0.800927457595487,0.7946758388952898,0.8015662082311154,62.25815621429131,208.8242978271382,477.6758450111584,1187.2286981655548,1482.3173895546124,286.8744732878596,1195.442916266753,5.7246351535984745,5.561319318609595
64.44904230523011,431.673709351385,37.932215701073844,18.513050563895014,0.3631546302498992,0.7014706089108853,0.9107862162574363,0.8420304800782146,74.12955749528217,156.76430630810466,274.90940304328035,888.8828071268117,1267.1704214477434,257.2488940379996,1009.9215274097437,6.442292580460524,6.57679452677239
55.61544724881712,877.9224248556734,40.92302498139652,18.29330884844703,0.3113762795555293,0.8383440228269378,0.8610532539974044,0.8839511082229351,66.02707321211433,273.36421838992834,604.5582064657451,1610.1846727917357,1920.6729325296706,398.5964726346695,1522.076459895001,5.567943269458559,5.4816489129317665
50.48631932862908,525.8889160224014,33.853301795287145,29.397942040701828,0.4533054632443254,0.8322685357889449,0.86268109608345,0.960640328745346,48.43746665829256,238.38831869259081,287.5005973298106,707.5757454389078,850.1772144589905,140.33710749968202,709.8401069593085,2.9776631290171123,2.886256027170311
62.909445918143355,971.3740851232495,32.78969162190829,24.244507288885863,0.4404214908227585,0.7076801754652688,0.9167053714221223,0.8985704729415785,63.053303771444696,427.8140227165747,543.5600624066749,1701.3429240273733,2404.1127376626237,431.63204196439546,1972.4806956982281,4.610603184938119,4.649338523407152
53.54221358814098,266.972964132809,34.39510169909538,23.35317664758144,0.3662704437472634,0.7736500214790266,0.9234932643656262,0.8302146605434542,56.49345925978415,97.7843060414462,169.1886580913628,418.9507297972406,541.5248732189149,110.92364911982487,430.60122409909,4.403582144527142,4.050251863030778
68.80917168705828,881.7608511600497,39.9457827870019,21.236626552849827,0.43513258044141456,0.8958063681583335,0.9299481429448591,0.9458283561011095,77.37660090003783,383.6828744974905,498.0779766625592,1895.2127074858006,2115.6499605848107,388.9709040587295,1726.6790565260812,4.500276585937053,4.263880354535747
69.07857154005174,798.9371675125676,32.346702667264836,21.434165001452165,0.37918744523918996,0.7841473125137234,0.723712298313289,0.9716746412719397,68.8011548819481,302.94694345572526,495.99022405684235,1526.883327860474,1947.1893909395399,306.1982349882018,1640.991155951338,5.416760892955382,5.387917960110016
68.29728780440897,793.8296601796468,37.8280683508349,23.11357505757121,0.45125075828448685,0.8003890810263683,0.8360315004907752,0.7359279899296591,77.9942162275089,358.2162361047821,435.61342407486467,1719.8367267739245,2148.7508607295276,345.02509369798986,1803.7257670315378,5.035298753191992,5.047752320934413
57.40317400510889,860.3049053051989,41.9543751619131,25.44644710554161,0.3908367325473412,0.8819860316319437,0.8851273803045796,0.8595798932658374,65.8256985369717,336.2387581839337,524.0661471212652,1573.0603151805,1783.543342823534,336.58223890561135,1446.9611039179226,4.3033739231406125,4.2556944201958595
50.30913233057735,784.921591848699,40.5569609383754,25.53219144272744,0.3824559455663331,0.8434523751731513,0.8892317112817534,0.7853535879227332,57.76526914649892,300.19792960592554,484.72366224277346,1259.4779725566243,1493.2413608984948,286.99936896562923,1206.2419919328656,4.018155599928082,3.8277629756754274
68.5663712517545,663.5982894682738,37.2144568904359,17.575408615581743,0.4869459830976602,0.8164140262248447,0.8516790504925009,0.7141183593630842,81.48861016635517,323.1365214470543,340.46176802121954,1502.1028421538965,1839.8787795203918,281.3819996674105,1558.4967798529813,4.823028894641177,4.704687415021418
58.563682966346285,218.1203899141488,32.63640909286642,22.501691281149405,0.35017581997814007,0.8595609362682145,0.7416968337959184,0.9005640085341956,59.33509921745381,76.38048639213869,141.7399035220101,359.50541602515926,418.24308301625797,70.55358790890878,347.6894951073492,4.552072283518928,4.605496677586071
69.3330963808734,129.2735615421267,40.3137351438571,21.17937142551153,0.3240894679993131,0.8728732532911947,0.899355138485416,0.9588312332377676,78.10026008182035,41.89619978656431,87.3773617555624,280.452743837314,321.29835893110317,68.35920222244835,252.93915670865482,6.037281614972866,6.142653026605094
69.27239954178506,928.7630630341182,37.989785081772105,28.057904494040763,0.41690862265189166,0.7913776143474534,0.8800278333787364,0.7488707963432182,75.92796844202293,387.20932937950624,541.553733654612,1958.8636816714188,2475.2578872055155,444.5509316540169,2030.7069555514986,5.244468047310891,5.2419155986551
67.0601891093472,654.9852830686642,33.149329970595666,24.471283818275644,0.4938643624568358,0.7950216729863671,0.721533942887259,0.9437240972871701,66.57975603139147,323.473889241316,331.51139382734823,1211.354454190654,1523.674756740155,194.75293019009445,1328.9218265500606,4.108281597834521,4.25085956586615
55.888977841391714,816.8835618785587,32.93857284823356,22.98756099623973,0.3755678427454373,0.7772101871303672,0.815952456168594,0.9560187200610825,55.75889819973962,306.79519710893925,510.08836476961943,1265.2368713285348,1627.9211110189776,290.3029934208434,1337.6181175981342,4.359970854182447,4.411950037377081
57.7019545720385,533.370116361295,41.096268194365926,16.73091963268376,0.3124073527257563,0.8933412280036921,0.7434943498804508,0.974302132799945,67.66228681845998,166.62874607546078,366.74137028583425,1002.473383156481,1122.1617806632091,200.78553119414923,921.3762494690599,5.529515591816303,5.405523561033707
67.02273343033714,205.57737006615503,38.69200262938078,24.084568339851174,0.3678610534619135,0.8394332508580701,0.7843692614282429,0.7795855267258157,75.96399858697141,75.62390792046543,129.9534621456896,433.79108470051943,516.7666211185909,89.68000267452258,427.08661844406834,5.6475079136777815,5.599983786684432
56.33844010312555,212.66721298229538,40.292867993167555,16.7580585852035,0.4011863308639117,0.7166446132416144,0.7045202730514213,0.9711859195569668,65.3812724101252,85.31917887142113,127.34803411087425,386.23480513048804,538.9488708823521,79.57942758310375,459.36944329924836,5.384128743099293,5.157532383106971
53.38985493372185,717.0087585060742,40.78978900282267,20.05809863348628,0.3323846013264427,0.8725919246626037,0.8000824671026895,0.7961988264209297,64.00871665924834,238.3226703436091,478.68608816246507,1274.85584626152,1460.9989047909828,273.13605558123265,1187.86284920975,4.9842629217653185,4.968093126959166
61.136025249167005,487.2753054095164,37.71772352048322,17.142629472214978,0.43162044361129837,0.7961119881672536,0.8374692302890525,0.8657014040366509,70.35259513255298,210.31798348168638,276.95732192783004,952.2522855435227,1196.1285594200422,199.2751811038374,996.8533783162047,4.739743895476283,4.897876059109576
68.72309548321562,280.472254030303,37.174463517550414,25.381104705365534,0.49954987780204013,0.7137507812844974,0.8548956482067717,0.7151522412496846,76.79401996450402,140.10988022770064,140.36237380260238,598.2942187636814,838.2396691558988,125.51919925166678,712.720469904232,5.08686802633725,5.191447432957714
63.920595933499456,542.4350920672932,36.304274103209906,18.093781707542288,0.39034789519628876,0.8099434510326622,0.8658725862821774,0.713164326510623,74.68969953702084,211.73839646907302,330.69669559822023,1125.3976123567327,1389.4767726337839,256.7174576226317,1132.7593150111522,5.349805863749448,5.574820195134454
61.4012234017873,157.78804336762067,35.16946587791119,20.87789059782039,0.37094571134604254,0.7834328557951404,0.909072828275615,0.9161119638196609,65.18753555294228,58.53079798890226,99.25724537871841,285.7170468571103,364.6988312318399,72.99434578385512,291.7044854479848,4.983777694322456,4.938492312662911
51.94352987541537,623.774261722959,36.345959608587115,28.43512166428168,0.3801408333668933,0.875549880972525,0.7538657268189325,0.8333439933933373,54.11259317308848,237.12206768418423,386.6521940387747,937.6123015682804,1070.8839347072026,175.14489167869576,895.7390430285068,3.7775439957006225,3.9300925315920576
62.3001445339834,342.0940639915879,39.73879655730156,18.064745750984553,0.32302923567904024,0.7407989207218775,0.7301204556096169,0.7768877126107653,75.14498926387178,110.50638402153933,231.58767997004858,714.073743496726,963.9238442746259,166.7535919248093,797.1702523498166,7.213793659146754,7.171959955055655
69.80107700208526,817.8031905734694,38.01923431015132,22.617075959381687,0.47665472028524475,0.8652929218984367,0.9128842929744814,0.7571240488074731,79.77075160488516,389.8097510511777,427.9934395222916,1812.1326438032997,2094.241843360413,350.186115760646,1744.0557275997671,4.474120318685388,4.671641780243397
52.80168030473048,379.3257630312164,40.92523289954846,21.289074917490332,0.3829651311042704,0.8115377382370905,0.7391532037231624,0.9009860472577654,60.960011504267996,145.2685405704772,234.0572224607392,642.3250799513386,791.4913252791745,126.34509148657901,665.1462337925955,4.578735569177822,4.5757332811696285
60.36659304727473,509.6981341736211,36.43380014379188,15.271860615685945,0.37745488228496826,0.7109220606426938,0.9436900203340488,0.7001204632076019,72.44333106998336,192.3880492353721,317.310084938249,1025.6730744359008,1442.7363155796054,296.6574108018993,1146.0789047777062,5.9571210859130135,6.083512973798274
67.54746143855911,110.45848591729057,38.07089578718754,26.891371703592192,0.43193805458609486,0.8943690602650969,0.9106345573496593,0.9417673507590563,70.80551063027737,47.71122351964004,62.74726239765053,217.25193052280727,242.9108297400319,43.97995146695025,198.93087827308165,4.169477611304454,4.3539910506189035
64.8153723550841,165.202199015103,38.31307553091989,16.035688594718994,0.3884066841862247,0.80252304882064,0.8252191514723998,0.7237748818389786,78.95798458920852,64.16563833972894,101.03656067537405,362.33424122049615,451.4938751640467,79.75390124974145,371.73997391430527,5.793443087811345,5.7598247290774784
63.94031481990536,453.2442007660163,37.916971623063255,22.113825314654303,0.42964669376156917,0.7581753708463165,0.9453553562305063,0.7574468844724358,73.24731680690456,194.73487232572379,258.5093284402925,922.1922656777958,1216.3310773975616,229.5402763234844,986.7908010740772,5.067355370349483,5.100555008615197
64.04968167974218,531.9449512454112,39.02633773085516,23.41017442408425,0.3122892580261575,0.7938813683978516,0.724344182277001,0.8158709185897268,72.58120643361971,166.12069413518998,365.8242571102212,1072.477953268471,1350.9297433605993,235.53290704479426,1115.396836315805,6.7143762077474145,6.9739936252646455
57.1898230243951,640.0184933073733,34.37433468374806,24.426396849218804,0.4627446687444455,0.8715715567034978,0.7757664402937754,0.8454576219148311,59.551713158031255,296.16514567583954,343.8533476315338,1058.727714702112,1214.7341277479106,177.19889088689735,1037.5352368610133,3.5032320717327847,3.4892538432471327
55.871836885289866,362.4963208383729,37.12363777545791,25.32947443961813,0.4881007905758805,0.7609806248770127,0.8595561037601528,0.8064985347441825,60.837532265531465,176.93474078205784,185.56158005631508,612.5939337539155,805.0059538019394,123.97263274737713,681.0333210545623,3.8490650171038814,3.696539008825172
66.18722310957027,725.4836975138883,33.04224802808348,18.799085752840725,0.42975307723187717,0.7385352792973401,0.7875017171182946,0.7962136494952882,71.55292528621169,311.77885148815386,413.7048460257344,1441.9578001271068,1952.4562205058362,306.87662466314725,1645.5795958426888,5.278034696670929,5.61736066435022
66.20226789358361,874.1101574702841,35.845113276448124,15.14968164987674,0.49091318577176213,0.7258142493861762,0.9320931379951979,0.9891748036219565,72.55941279202787,429.1122021191938,444.9979553510903,1761.8033261553007,2427.347393145373,403.1355885803574,2024.2118045650159,4.71720868008026,4.650729369817328
67.34144637160207,801.8658900040148,36.87667068621264,25.85165493532368,0.33028646287399266,0.7595718796780422,0.7164065220444543,0.8924739043730183,70.98360506944161,264.8454485087321,537.0204414952827,1581.0925459639247,2081.557503990404,349.54658685213013,1732.0109171382737,6.539704295054814,6.57085082390028
68.26481105112943,135.65694281352143,38.52224259545473,23.03484899021368,0.39548323789607076,0.8560096174080087,0.8373529580152411,0.7070298866102164,79.41756425546657,53.650046986973564,82.00689582654786,299.26511034980535,349.6048458614029,61.93874400246486,287.6661018589381,5.361898414157671,5.547850123988241
60.22684797721875,532.456252532046,41.505310525862036,27.54176554810873,0.42036134678908943,0.7943252730390523,0.8477165668487786,0.8290527725332939,68.08074333099475,223.82402742064238,308.63222511140367,1006.944929544932,1267.6732866529685,218.0135025914858,1049.6597840614827,4.68966534182146,4.604056358690324
60.03032589374399,194.43716057635737,38.00651066548356,27.320825443510415,0.41634732948423736,0.745496320738708,0.863182030944306,0.962502609923191,62.265374843883976,80.95339255846423,113.48376801789314,336.2972968574265,451.1052402300141,79.54314978508447,371.5620904449296,4.589827290765966,4.451049101158137
65.9659035793355,317.8405142762747,39.435939161765596,27.649892516818248,0.3802923558178086,0.7332369999219498,0.7639165558329536,0.7904368559232003,73.19313539747853,120.87231794846834,196.96819632780637,646.215105450766,881.3181897797753,146.02713132220316,735.291058457572,6.083204748096662,6.129510825951958
62.999278615555305,987.9963339404318,37.06266059495203,22.276419899693103,0.36761688187325225,0.7665458953020758,0.791141606879966,0.7283669034323165,71.77157527448732,363.204131585386,624.7922023550458,1969.7237014534223,2569.609613103734,449.9556249911037,2119.65398811263,5.8359853420729015,5.522054314809894
64.03933754515407,228.2459886113619,38.341040313763315,20.004425937552984,0.32536480451008376,0.8879848745771418,0.9109201324162444,0.9275154314769753,71.4570650818393,74.26321146474656,153.98277714661532,453.04967952418997,510.1997708462457,109.73814094344596,400.46162990279976,5.392463132205138,5.3458874450536955
65.91585338872201,548.9993381062204,32.70932216133773,26.87337303887055,0.37834849011245564,0.7686053425180048,0.7487356922425399,0.8818041495808244,64.92019637609917,207.71307064522603,341.2862674609944,990.0318011167858,1288.0886279990877,209.84050350273878,1078.248124496349,5.191046096169831,5.229206306223986
67.80010683635132,656.3401608863072,34.54391580841847,21.769411695438823,0.332532163021097,0.8976248151909271,0.9067169617933405,0.8710937523479512,71.74787440934219,218.25421337713854,438.0859475091687,1308.0836509188393,1457.272157344053,308.68163728070243,1148.5905200633506,5.262627017782292,5.2200073334102814
56.75990313703072,732.2184734896936,35.618530932051385,17.75163294605152,0.44687313529844364,0.7970460911530712,0.8406638557256856,0.7160729678822223,65.77089726025817,327.2087649717797,405.00970851791385,1337.7407219987142,1678.3731039486443,273.15155873705305,1405.221545211591,4.2945718319397255,4.095718003602136
57.511659052798876,603.6838151382227,36.72493355006514,27.824610293422115,0.341766187098918,0.7358327836580302,0.8905468777985205,0.7421497029386551,62.127303998690685,206.31871571311845,397.3650994251043,1041.8124417272709,1415.827705512291,290.47945703525585,1125.3482484770352,5.454416699849018,5.715276025854528
51.87963879681738,108.79376267726529,32.45648745502384,28.23839815158521,0.31171306105690677,0.8782280183587019,0.8784018415658679,0.8867648188639341,50.25873926183763,33.91243678802902,74.88132588923628,151.88437088085882,172.94411895980235,36.596251924166296,136.34786703563606,4.0205859545830815,4.033074476009027
61.565602819923484,393.8151774195927,33.40024097553318,21.994646342102552,0.41047322756344684,0.7920710746269654,0.7518778738462197,0.7623471524376507,65.91998614352542,161.65058693889168,232.16459048070104,721.1191955169321,910.422332814705,141.24132536366582,769.1810074510391,4.7582939351888065,4.962589208457156
50.71884547593484,565.9404790462403,34.76814307791306,16.135495909646814,0.41904594654388033,0.8419342687009049,0.8422031841084682,0.8512210239245273,56.542598504504134,237.15506372942883,328.78541531681145,888.8818134488417,1055.761532097246,180.79755104149473,874.9639810557512,3.6894172415985227,3.660635774852832
59.3119603626492,179.07984923035002,41.71532690901051,20.81739134875397,0.4743826122561011,0.8967423166418304,0.916930788201273,0.863464505808818,70.2346452037094,84.95236668032219,94.12748255002784,349.3780464952057,389.6080735919497,65.72071372930745,323.88735986264226,3.8125760649075056,3.7119226863607246
60.852892694151535,415.5642380882627,35.31347007103051,27.05306489193905,0.41539632248353636,0.7100350700639948,0.8080290592004823,0.7850521570812818,64.01260369292335,172.62385625753706,242.94038183072564,738.9263578248779,1040.6899447350947,172.05921032613347,868.6307344089613,5.031927528678617,5.072562495163427
55.73082504256569,129.8827979122299,36.820410581120825,28.52661042819343,0.36909617074468914,0.7193389119575134,0.9416476925558291,0.9845275466624479,55.89561223754405,47.93924335501036,81.94355455721954,201.66329190081385,280.3453122701706,58.2925364279711,222.0527758421995,4.631962465444121,4.6019769293537705
61.81666521138021,170.72064743951867,33.96097712738393,18.052091137463936,0.4606023763052641,0.8440913482925513,0.8130537750254294,0.9527392320506725,65.1464008005088,78.63433589501551,92.08631154450316,308.9398811949233,366.002899828146,56.17988813435104,309.82301169379497,3.9400474127159772,3.8008343331553136
50.61000499878099,457.23094858143645,38.10780071075769,16.004604180379072,0.4080557786374842,0.7563650006590944,0.7356964091669711,0.9167120522898395,58.19988527341699,186.57573074055355,270.65521784088287,739.1885764137562,977.2908262143665,148.96055715652358,828.3302690578429,4.439646387930772,4.635406059197675
50.74696377498429,219.44417863875432,34.80683215515974,28.16025679699258,0.31585605692623836,0.7368602793900197,0.7973586700194183,0.7233981599228226,53.41330858821741,69.31277298025401,150.1314056585003,325.58998976443587,441.8612305089406,84.36360881534755,357.49762169359303,5.157745193594229,5.061459856056779
66.45201121319317,610.7867634354023,34.06992578438427,20.84107408468313,0.4131701120626493,0.7078723759639458,0.9379256015976343,0.7318390057927058,73.1517934926151,252.35883549498806,358.4279279404143,1241.1151996347028,1753.303620507317,337.75811276741223,1415.5455077399047,5.609256775033811,5.2995809744303655
57.20381282822526,720.5184722235392,37.165726284459794,23.12641446401345,0.4816037090843325,0.7043693423972404,0.7799302123349635,0.8478344037594867,62.68397272173819,347.0043686866331,373.51410353690613,1254.5822293991334,1781.1425822840422,252.04864119775985,1529.0939410862823,4.406555303247928,4.5821344183077155
52.5412102530377,820.5280291981746,32.05505799160421,29.520987180761384,0.3792625250996441,0.8548971206239582,0.9170245399667657,0.7482140047572957,52.06011348999513,311.1955322687342,509.3324969294404,1186.5772867160836,1387.9767027990972,276.5280198926004,1111.4486829064967,3.571544471746145,3.517510788031501
60.444865201096086,280.1352198203291,32.07664032649225,15.998470918713343,0.35926516037996004,0.72688668547391,0.9203126704204724,0.9934796390588423,62.077426105070856,100.6428246768259,179.4923951435032,483.057594661785,664.5569444525522,137.1557392821961,527.4012051703561,5.240325943393319,5.14477008398868
65.39987106197222,250.73432403316278,34.19068809101858,24.72477011178143,0.328693891403604,0.7935441231942302,0.7875466310829902,0.7475560702082228,69.65177574763698,82.41484067491247,168.3194833582503,485.11363638314435,611.3253468886273,113.11946031145138,498.205886577176,6.045099189627295,5.724940897475306
54.316420549936865,194.11105630096023,32.36721362500821,16.111581338623004,0.33028910438707143,0.8211793630358966,0.720814414512658,0.8462403506391922,58.45881435486113,64.11276693727255,129.99828936368766,315.2083945701064,383.8484121237318,64.85427670912797,318.9941354146038,4.975516588243731,5.235379085615481
62.45780951638,672.787224589273,33.08025754130691,20.632033926997504,0.3865542968683638,0.7856703601137692,0.8811394772897045,0.8092363170524516,66.37170859424926,260.0687925431244,412.7184320461486,1240.3899337881378,1578.7663589708575,298.6803805659111,1280.0859784049464,4.922105285633929,4.731696509213115
51.70694929987536,735.828153838211,35.38860649338751,27.057218177901703,0.4191359648323059,0.7054213304672465,0.7778780747534965,0.8918159264362293,52.812576843479974,308.412043209753,427.41611062845806,1079.47169217157,1530.2509940499895,242.0007616173218,1288.2502324326676,4.177042566254523,4.184366945321012
51.033634423372156,128.42753034307782,40.02585679579813,21.502083491334517,0.31612308103392034,0.8567003005175817,0.895730903564393,0.7387109226668275,60.839022793023084,40.598906581631056,87.82862376144676,217.03904016094933,253.34301859100972,54.316589075659884,199.02642951534983,4.90226083097024,5.036477916792363
60.627092631362956,942.5910216193208,37.72048643369301,29.957735308544258,0.4879137178050331,0.7021026449083306,0.8106637120651082,0.8290949284127173,63.70538389567155,459.9030897279272,482.68793189139365,1668.0034135797798,2375.7258652651294,345.1820832354033,2030.5437820297261,4.415155773863076,4.471014152413609
60.81270243220213,146.77415528632517,37.12667725956416,23.38588927419903,0.45102672348903916,0.8523779788754968,0.8213166855856553,0.782411509842143,67.71212516081371,66.19906635166268,80.57508893466249,276.06638814223214,323.8778980499166,51.11062671038055,272.7672713395361,4.1204096427968,4.113035636725789
62.74859802996413,587.1667017709634,34.934888232081214,19.8174322895393,0.41732478365673253,0.8786608987576245,0.8944773516871342,0.9663254574015064,65.9459094217522,245.0392167870045,342.1274849839589,1075.5900591793595,1224.1241879548543,223.30035756327743,1000.8238303915768,4.084341451603329,3.875835919549886
64.52182667445322,738.1544675058248,41.31753719432817,18.301669888571297,0.4656877341877982,0.7865679842114345,0.7955908327654069,0.7121757136404084,80.84733843691305,343.7494814533882,394.4049860524365,1657.7173348100762,2107.5321753300236,313.5647050101008,1793.9674703199228,5.218822331701993,5.092048030038912
69.5170415892507,883.8722113714771,35.970150412371915,20.25780801429243,0.31603735136242267,0.8071084946195597,0.8107818363307286,0.9741182482019377,73.77275247647877,279.336632624689,604.5355787467881,1811.2690519540529,2244.1456929626497,435.56752183893934,1808.5781711237105,6.474547051455579,6.5110247152036465
60.326006966023904,742.678238919185,32.870927667957716,20.587999106393262,0.3953677755466249,0.7953966785235307,0.7940476171924055,0.9498982415659001,61.36945337047434,293.631043268363,449.047195650822,1266.0488209060256,1591.7200248511867,267.4684499146478,1324.2515749365389,4.5099167996561045,4.403414112781464
56.45912945882492,821.5552747628126,38.170665161178015,16.030705165859416,0.4260186253723327,0.7778417237246877,0.7918351288193199,0.7892712149322446,67.39550216445903,349.9978488218425,471.55742594097006,1538.031397180552,1977.3063725814336,314.53905321615554,1662.7673193652781,4.750792969049554,4.77977652983211
65.90372389537407,405.50517328852544,33.13838393476601,20.5436129914016,0.46573058122365785,0.877484907074072,0.8314866442253648,0.9367871964031314,67.60554377323948,188.85616004486505,216.6490132436604,761.5110484175685,867.8337852633701,134.93362619733375,732.9001590660364,3.8807320814525044,3.9601019869897356
55.416645025241486,833.3426023718611,35.45223142801692,21.963577796088373,0.45669391200985354,0.8787867021339981,0.9021998611252876,0.7093640681016242,62.13060521137725,380.5824931216771,452.760109250184,1438.2244509385507,1636.602428605308,280.7750822195753,1355.8273463857327,3.5625058190794325,3.665373483025741
58.77942841411272,172.1033617462076,37.07411938717809,25.84106628358207,0.35541384994267994,0.7671632729283069,0.7904420779806414,0.990059665088018,60.37988135987434,61.167918386297394,110.93544335991021,288.65501566309865,376.262818945028,67.09812281669932,309.1646961283287,5.054360264082268,4.8684336973992774
51.56912762684532,905.3349904544749,40.74222524685176,24.85094227082412,0.48817603391184083,0.8230139508029396,0.8310636801344341,0.8579784827769368,58.46701553682786,441.96284500167985,463.37214545279505,1470.3398598037688,1786.5309067595906,265.9705178152695,1520.5603889443212,3.4404710851622418,3.667196002256966
50.50701486830915,592.8331385383626,36.935465803401186,25.631484828437316,0.32486916828617407,0.8853815124291728,0.8676818313606501,0.7909843078196336,54.95327966693709,192.59320864944007,400.2399298889226,904.9479238312974,1022.099412657083,209.56059772295083,812.5388149341322,4.218938043724703,4.316076477860072
69.2529682935585,835.5679929662443,39.022587660316645,15.125455228152857,0.47502672372423044,0.8924116997882703,0.7673598615759137,0.8087749637784031,83.77780798948835,396.91712614758586,438.65086681865847,1944.501524358005,2178.9287666436344,307.21849117015967,1871.7102754734747,4.715619841451527,4.7153773425399335
66.71960241024412,507.08645606647013,41.9281683899907,18.26501099370804,0.4941880499209237,0.8017918080844095,0.7693807012255981,0.7199216060381491,84.14375247887565,250.59606686480103,256.49038920166913,1185.226590129092,1478.222374160645,201.34376705111387,1276.878607109531,5.0953657137740285,5.261913334253364
63.919484121873964,679.2199256768724,33.314891198979815,24.925264325997848,0.3354307046445251,0.7905649610568654,0.9333532817558636,0.9968048542126118,62.4008220216118,227.8312182783953,451.3887073984771,1177.3300471026364,1489.2261927833545,323.30695050250546,1165.919242280849,5.117469199748427,5.480616242290091
58.1790588882854,573.7623948425019,34.7473152551952,22.25984052269621,0.4444132128407571,0.7557388631857052,0.8808836433327721,0.7117875835452077,64.35023571046013,254.9875892991633,318.7748055433386,1025.6040374975858,1357.0878612412546,232.4590534099268,1124.6288078313278,4.410523707927844,4.2201584344843335
53.46588640141692,758.4305695797987,35.945760755976465,15.079702135025189,0.3080571037555997,0.891774374638082,0.8442966690558271,0.8964721369443577,60.34552700775091,233.6399246644626,524.7906449153361,1271.3303450022677,1425.6188349415454,291.49881916622206,1134.1200157753233,4.854136198700062,4.821332532286099
53.12874085342172,173.4669838275306,36.218281785388314,27.067419636477336,0.381084565027831,0.7285628608945734,0.861930013605153,0.8328207783119375,55.87327830170931,66.1055900786043,107.36139374892632,269.22691843204797,369.5314884723535,68.99582516329332,300.53566330906017,4.546297263993887,4.22190554355753
55.004857963291904,154.31687559150743,36.110210752655455,26.59214359935506,0.4032566598395348,0.815965915209545,0.7073248607758545,0.9846748654566145,55.46241410797301,62.22930780790432,92.0875677836031,237.7440682751316,291.3651953391674,43.043960123981755,248.32123521518568,3.990422583226036,4.013485414023189
60.98453329412241,322.39291060913183,41.07611002556555,23.22628744490344,0.41612904518192684,0.7565100535037278,0.8545257413904241,0.7737999220920385,72.06665465918128,134.15705406520033,188.2358565439315,645.3827375954613,853.1053019142477,148.97476416105644,704.1305377531912,5.248553962812748,5.306087704706103
64.29191845400125,243.5902121018695,39.14032644466857,15.996949886644082,0.4871874496497119,0.7558016580695593,0.8273772183060504,0.8596260471814033,76.2856658486928,118.67409419354219,124.91611790832731,516.1789312337618,682.9555422677518,101.4197841598278,581.5357581079239,4.900275515560404,4.894518360897153
63.203947534354626,884.6052099329816,38.07905214090704,26.49772574298877,0.4344501374588389,0.7809937174752377,0.8364374199448589,0.8447068625748259,68.37442482848816,384.3168550521889,500.28835488079267,1680.1214563736564,2151.261167381832,356.17672561148487,1795.084441770347,4.670844950390169,4.57912820564142
55.598677938918854,297.2925886222399,35.09372717862782,23.75570381597046,0.3962555902438474,0.899758587163131,0.7898559567077043,0.9108599332150304,57.73480489437968,117.80385017962699,179.48873844261294,476.78137779583614,529.8992247454852,88.4427725756254,441.4564521698598,3.747385603244106,3.5169759674959877
69.09730561326388,978.2787302372182,40.237903842212944,26.729399657369388,0.4619350072531779,0.7109932613679644,0.7203684744282355,0.7204030695857261,79.65979787557244,451.90119234775904,526.3775378894591,2164.707942129679,3044.6251177750128,413.03923334338987,2631.585884431623,5.823365658231092,5.888622354956271
64.75793833391538,403.20621259399616,41.55060511484989,26.276204885937606,0.4901065641908818,0.8157083636407063,0.748334808403013,0.7581367390070064,75.50265401604265,197.61401151486172,205.59220107913444,845.6427546278732,1036.6974182458573,138.45078709405166,898.2466311518057,4.545460234656753,4.743928821780312
61.087081050228015,263.9061241198293,40.21198282550226,27.045031079367558,0.3044132297364582,0.7165144316070554,0.9376861783031679,0.764369446027855,69.3649409521507,80.33651559054785,183.56960852928148,508.4953532356365,709.679150628052,162.00891690735378,547.6702337206982,6.817201738148766,6.6963289768376475
62.234414924687044,810.7286564282313,32.01565105191473,22.770120996069373,0.4965042544512077,0.7309041659981037,0.8021748905677335,0.9214452264525069,61.93496081268353,402.5302271221283,408.198429306103,1394.790210155613,1908.307921943397,269.76236874018946,1638.5455532032076,4.070614932244754,4.12435436778968
58.3920012485558,692.8369979507885,38.36401370183407,17.104867772902725,0.3172264278127361,0.7879125883545797,0.816670788957716,0.756741608898022,69.97173574257542,219.78620591642857,473.0507920343599,1346.6390925914397,1709.1224489808756,333.55307404351925,1375.5693749373563,6.25867018906729,5.964235247070566
54.95461979002315,548.3761448078251,32.51135381442101,25.06736210069533,0.4628773558537523,0.8020920262692882,0.7131774474633596,0.872047529167293,54.90430481466231,253.83089992192043,294.54524488590465,836.339194656062,1042.6973056272172,139.7968413119582,902.9004643152591,3.5570943671278616,3.605884867530999
57.11945357302523,599.8271958438681,34.57607220333722,24.30710677577956,0.3560669505102825,0.7517584816729048,0.7093915573859951,0.764573146150286,61.10164656155253,213.57864045726012,386.248555386608,1018.0674810683106,1354.2480808500923,216.5175001828396,1137.7305806672528,5.3269867166090865,5.264120448370038
65.15692220928739,747.2816004450375,32.595247003477716,26.13379780798631,0.3264359315507743,0.7632914261748832,0.8792953617616894,0.9584874850251935,63.01203118105428,243.93956537202936,503.3420350730081,1307.9925418964126,1713.6214256345243,355.21935527375916,1358.402070360765,5.568600847054401,5.4412328096882945
50.287869772595116,305.6092671981688,38.037954529493874,17.54821509076103,0.387971127942767,0.7173934040511866,0.8345236660302777,0.9826556363468916,56.003836786223495,118.56757210463603,187.04169509353278,475.42476445898916,662.7113683708573,118.4685389587958,544.2428294120615,4.590149058055828,4.485443584510585
52.321452810138325,996.7005244510677,38.86589913492607,17.924627998504338,0.4287913158895227,0.7606439567688501,0.8271764960540666,0.855547892482672,61.02342871601144,427.37652942715073,569.323995023917,1689.5023168069708,2221.147360433692,367.314779995972,1853.83258043772,4.337703296253938,4.286482188549089
50.920052840435055,977.3138459321049,33.14487638065905,28.356142758289927,0.376190369004695,0.8933116878761088,0.7607811326056672,0.8056926652627534,50.98215996662903,367.65605633459614,609.6577895975088,1384.0436341920001,1549.3401160826966,257.3514498991646,1291.988666183532,3.5141231700742606,3.5544407033447643
50.8145760463794,685.2931177122432,35.838388830449794,26.249666976781064,0.3109130816565398,0.8889414763344964,0.8861876829074805,0.7702173325052497,54.45069705251996,213.0665950659314,472.22652264631176,1036.5191095757295,1166.0150158025722,249.21369388960068,916.8013219129715,4.302886248448642,4.133503578624306
67.10921168022014,279.5882058362306,36.56236508955542,28.623427330504846,0.4198922279317433,0.766975658027397,0.742059144777123,0.7149343004569131,72.39443366093268,117.3969146520137,162.19129118421688,562.2397172163942,733.060705814878,110.44732212279506,622.613383692083,5.30349017721313,5.2403072594074045
64.07315718760047,712.2054181881622,35.690530217609165,26.38072981745881,0.48048065522213496,0.8141707872557523,0.7474836859152549,0.7805500228592486,68.23662301793557,342.2009259838028,370.0044922043594,1349.958128673244,1658.077334392479,225.35970682205567,1432.7176275704235,4.1867730879203915,4.18156410019934
59.4834765817465,164.97856808125826,33.21025000485193,23.957329589854528,0.37664307318945034,0.8819190782221888,0.8151780428370689,0.8962707339835954,60.185806363814976,62.13803489252007,102.84053318873819,275.81578201994654,312.7449998881395,55.622138529787435,257.12286135835205,4.137930364278441,4.001497930916739
51.95668321302003,127.58725198522546,36.18947790187475,24.811991055418105,0.3432665555261654,0.7012367645281793,0.7715699655279852,0.8600850793927632,55.18634840789642,43.79643651801726,83.7908154672082,195.58540390174238,278.9149311550147,49.465710973980045,229.44922018103466,5.238992904973955,5.5213743922996255
59.83231750233665,331.91459966009234,39.511780478084184,28.33691885910015,0.3885154691865631,0.8621367140675184,0.7618657453082865,0.9832123834842783,62.489367977118896,128.95395641681102,202.9606432432813,576.1425987538227,668.2728961113492,108.9646965993286,559.3081995120206,4.3372705658149675,4.226215341103182
59.469435415611315,516.3606610653846,32.710076645332556,23.682101317679106,0.30967254220975615,0.8896739105577838,0.8613094111383328,0.8188831787475102,61.18537127141132,159.90271860922792,356.45794245615673,877.6032988121373,986.4325438765775,205.28148304595345,781.151060830624,4.885164352581208,4.787055072177679
53.464037398200304,881.4452548675424,32.80180014081903,24.48586986492581,0.46409751689605494,0.7182651468667114,0.862742936304636,0.9081590026985183,53.34416184660505,409.07655406383674,472.3687008037057,1306.1099537382281,1818.4231261058296,294.2592826226422,1524.1638434831875,3.725864580460264,3.6165132922894734
58.677032984759464,754.4521627896772,35.54771291835984,17.34715074005401,0.46526816219003736,0.7322895372065842,0.9061292674499822,0.8467968242425363,65.66646542577743,351.022571241452,403.42959154822523,1376.1724128675376,1879.2736246336801,318.70161455991064,1560.5720100737694,4.445788214001558,4.685658061237012
57.970094687947466,768.4358690799829,41.41725711618925,22.10881830174154,0.4176000926859257,0.8921492605542711,0.8044271417432439,0.8537728647772634,67.87242322160638,320.8988901509907,447.5369789289922,1448.7667923572087,1623.9062861041036,266.2790629429979,1357.6272231611058,4.230700899346549,4.300876198783226
62.317001961044326,482.94400100326783,38.68572646722914,25.745956679371485,0.3706205777876779,0.8075080287280693,0.7182712727565375,0.7803322943812352,69.67769763103854,178.988984690924,303.9550163123438,934.734057628602,1157.5538872361808,183.15142358340398,974.4024636527768,5.443924190839805,5.290962114447697
62.701873017352874,411.34149329226665,38.786699566725645,19.064140474745482,0.45995667288915665,0.7028393268943447,0.7684165962303644,0.8364852330525999,72.81487933517414,189.19926467596832,222.14222861629833,831.9939222118539,1183.761196016461,171.93230450841318,1011.828891508048,5.347953615152544,5.525435867084575
50.90608019544089,433.9348866861424,35.61919990837865,18.033812707868023,0.41093740495767345,0.7515263997527059,0.9450013657992042,0.8412354991038121,56.82573738609488,178.32007625540544,255.61481043073698,684.9630531525436,911.4291306039744,177.5762301828079,733.8529004211665,4.115368924417007,4.140147399506432
57.49225229252942,988.884607362452,37.936607912085385,19.707402123366233,0.4651864617100032,0.789988734853772,0.8490646438081755,0.9119927565246801,64.2181140526882,460.01573153842486,528.8688758240271,1764.0084583486037,2232.953940381345,354.88770890395915,1878.0662314773858,4.082613055854835,4.114121041125629
62.51719831428473,136.09827227123424,32.10131184027743,18.622509419892502,0.4262917585166041,0.8385817822049535,0.877434271200255,0.9821919997558342,63.18563643335263,58.01757181757602,78.08070045365821,238.87377641493453,284.85447869716853,50.18764050272395,234.66683819444458,4.044754560433946,4.002954787601935
60.062725171601755,880.3283465102037,38.36096046409542,18.22368955554594,0.45688109464255944,0.84663207562736,0.7018394574063536,0.7987963832447512,70.52560402889934,402.2053785984562,478.1229679117475,1724.6024550387308,2037.0152569057686,271.76594047004136,1765.2493164357272,4.388925186895804,4.290251265877269
67.12979682376644,620.8078677151541,41.13286947576237,21.372762643021304,0.419712598643552,0.8990843025850912,0.8295514330456302,0.7126601405743895,81.93485965882965,260.56088341708977,360.2469842980643,1412.939042120512,1571.5312102079422,264.7753277818937,1306.7558824260486,5.015165228520793,5.065983812381345
63.1738726323789,494.7538772706314,38.125734683448194,28.61757770825301,0.38282821364313324,0.7575022398767518,0.7093821643829508,0.8488885376501919,67.13322813035656,189.4057430285298,305.3481342421016,922.622914199659,1217.9804436614907,186.63568664500306,1031.3447570164876,5.445160957242665,5.356118326150759
53.258688541628594,752.7318943736228,40.73698593466345,22.605894701080775,0.4915891719852275,0.807644020373695,0.842307553022862,0.8633383996447506,61.366537334659085,370.034848682001,382.69704569162184,1283.1263860852107,1588.727649455649,238.12389886134184,1350.6037505943073,3.6499366354410134,3.84886792334191
51.4113749480086,538.0020472822325,39.23973055466094,17.818805712229846,0.4082227649757689,0.806664709571921,0.9301927124090188,0.7505321653395746,62.149768814648105,219.62468330417732,318.3773639780552,928.7973016777257,1151.404407130464,221.83349359385437,929.5709135366096,4.232542989028087,4.071373113972114
62.84838556412631,886.0809142734945,33.2055841640369,16.154575040713112,0.42101790370810765,0.7811290518894475,0.9421047826251019,0.92813938188282,66.89612746537343,373.0559290431901,513.0249852303044,1646.5383829409532,2107.895461010182,402.4217597851124,1705.4737012250694,4.571630065227084,4.782312279857661
50.53022621083244,910.6316776101327,41.02453307285842,25.44234217706888,0.34409752788294984,0.733832378768484,0.835138168847231,0.9954787325324475,54.97603670647376,313.34610907755,597.2855685325826,1390.6366815103454,1895.0331461853852,363.3142697006769,1531.7188764847083,4.888265186996859,4.871940505399814
61.71551162546926,479.5488341861099,32.66443844355775,20.741981466545816,0.4251301578854553,0.8954913126367685,0.8145512013130539,0.9837324151025383,61.88257935984153,203.87067159132692,275.678162594783,824.325521901151,920.5287759564408,150.86667818939563,769.6620977670451,3.7752467864033274,3.8091204600899955
68.80460482849915,349.1450175115464,37.339674725477636,27.32746419878039,0.41432152989658877,0.8706634373333172,0.9362542735621234,0.7591318116470956,74.94374411578599,144.6582978111552,204.48671970039123,726.8398569913044,834.8115078973361,160.21734992059592,674.5941579767402,4.663363029871899,4.77992254368041
61.509483557517584,633.1152957340261,33.42137123793458,24.89266152961155,0.336967679589405,0.7996666056588474,0.8684024579991737,0.9626089719702282,60.778753097627906,213.33939211605468,419.7759036179714,1068.8877289375014,1336.6667075672642,269.368568784782,1067.2981387824823,5.002817942791745,4.9082272683473445
57.76339852413044,921.1270110550219,32.11706610730904,26.94362175812053,0.31191741947062873,0.820649084536806,0.7162248198846023,0.9113480909235054,55.85311903788667,287.3155602929757,633.8114507620462,1429.1060165963581,1741.4337547247492,300.37579474964366,1441.0579599751054,5.015593163508647,5.145634712204683
62.86576436884707,289.5959701050999,36.22034260127639,19.07919059127673,0.4208718639429542,0.7454522107119325,0.8164313944168744,0.8361539691420734,70.34447072470694,121.88279572850145,167.7131743765985,565.8743122514252,759.1020646528042,125.62109606210963,633.4809685906946,5.197460107510149,4.775289572179812
59.16505780983033,660.6699252071345,34.950407076541566,25.38538383691587,0.4527384538700641,0.8087574140783493,0.7600612546160759,0.8621832982974187,61.37559502825919,299.11068045672897,361.5592447504055,1126.3613826906494,1392.7060983722022,202.7547554052133,1189.951342966989,3.9782977363094663,3.8923677544039657
60.9123357863187,668.4041980832685,36.86000493797603,18.96092977040578,0.40468027418440167,0.8389940266242952,0.8174510803621704,0.9548800524947374,66.52518841090227,270.4899941463422,397.9142039369263,1235.1587558924302,1472.1901666715191,250.7517670249883,1221.4383996465308,4.515650952270347,4.390468599392529
68.8292961755305,759.8017201737529,37.77199886734551,29.086027191754376,0.34535452506392916,0.8030334056773177,0.8138663930015904,0.8440404818915119,72.59239196445449,262.40096221336285,497.40075796039,1532.1062301699953,1907.8985000353027,355.78087323371415,1552.1176268015886,5.9150607288533275,5.692623803238476
57.722052756015486,218.41091661453382,32.43739072308947,24.545614223000616,0.433304395338607,0.8980570341169882,0.8455362007036855,0.8119622107315381,58.84742087404065,94.63841015901149,123.77250645552233,357.0255314861241,397.5532933018763,66.67230198770007,330.88099131417624,3.4962653193162256,3.4737191449483853
69.22381127647829,744.2424682138798,33.230032951237455,19.86767700263013,0.31602114532192044,0.8222683312495452,0.7891926225873127,0.8479742479077957,73.35223136443307,235.19635720216326,509.0461110117165,1516.4401588794788,1844.2156912148712,348.42190393912745,1495.7937872757439,6.359765963509515,6.43336434905152
68.10701283912127,918.1292685990769,37.586423964504256,19.042677934384088,0.3883667409603909,0.7741947425184338,0.741067612363982,0.8737389412105148,76.92871238702935,356.5708718261709,561.558396772906,1961.9584010603335,2534.1923592481885,402.02822825229845,2132.16413099589,5.979636306454457,6.105685843598048
53.91582269578593,261.71479798321775,35.43167353172658,17.863898776074652,0.33267335167968404,0.8544304055231676,0.825929858647489,0.7567232961335046,61.54936743762843,87.06553902924846,174.6492589539693,447.4550073592713,523.6880668886013,101.02348747694452,422.66457941165675,4.8545565113847,4.889637006287954
51.38722601750331,313.7889924314899,39.291734875494484,25.419614383405914,0.33689181021197667,0.7340925023163284,0.9075507210864404,0.9702723190800973,54.997875825119564,105.71294168483688,208.07605074665298,479.38133447323514,653.025787568478,137.54780805069305,515.4779795177849,4.876205044549653,4.778823309600524
52.01556002754853,974.2555846374756,38.522916485919396,18.280734194968908,0.34045878983164074,0.7769031627412533,0.8660030570169005,0.9022560846488841,59.40024551564378,331.6938773323926,642.561707305083,1607.528358957031,2069.1489442325988,413.6386956623549,1655.510248570244,4.991078707525392,5.046332410092074
50.364436513030995,262.8792574385408,40.45604362989907,23.929548988912337,0.37734141140879557,0.7693917900755172,0.7845919664813039,0.8899806752012467,56.76665833023623,99.19523003195509,163.6840274065857,414.5215830311071,538.7652797678295,92.12160258174997,446.6436771860795,4.502672931371762,4.519461466390612
51.888859215118565,868.9465840326212,38.924928266692255,18.96952540388036,0.31023004112407954,0.7863614190215554,0.9338807556897143,0.7298488678541915,62.2622177710336,269.5733344990685,599.3732495335528,1502.848373512078,1911.142048883864,430.88037519241317,1480.2616736914508,5.4911279576005905,5.645328083409728
63.66013546832714,543.0500708032314,36.29931077390148,24.92953417190803,0.3795586881858196,0.8563559651857453,0.9280518928122955,0.8812521814517775,67.25078997460349,206.11937249329097,336.93069830994045,1014.4596182578241,1184.6237540224126,238.7379440167253,945.8858100056873,4.589019452970026,4.6959807822743995
51.42377296920458,322.5079669628593,38.72966622394432,27.22409592810809,0.4023414894229402,0.7968346064326814,0.7523370998460246,0.7362881986715477,57.553998725465924,129.7583357786012,192.7496311842581,515.6006422092504,647.061056393526,101.83073854830955,545.2303178452164,4.201890495694318,4.2057322523141965
56.37951260587523,883.6749111452602,34.753811742554184,26.670378647169798,0.39665885699326503,0.8588028900531925,0.7098543962800907,0.7236093025586197,60.016023390566225,350.51748020850397,533.1574309367563,1473.184837137513,1715.3934321835675,257.1366640809147,1458.2567681026528,4.160296848063653,4.048311682460203
66.89750621938909,500.77472950239894,35.06313498778213,26.412769963961725,0.3765568200806081,0.8152977806279732,0.8853271770876905,0.858193268692718,69.02051178326626,188.57013971815002,312.2045897842489,960.1035588439528,1177.6109069062406,227.4943097261227,950.1165971801179,5.038531543754637,4.939834245054853
50.46543871471652,563.3356185367212,39.88985159920793,17.81583608538378,0.4678293216141505,0.768413886931511,0.9069025653372883,0.8208356602139485,60.35888775614338,263.5449202611221,299.7906982755991,944.5086491193211,1229.1665535757106,207.63011815163048,1021.5364354240801,3.8761378303627887,3.8122060502940713
66.28936965177871,423.3100324597891,36.46419516401582,16.325774204767782,0.3290653384841008,0.8619957487366945,0.9419661414878387,0.876643081046867,75.1274096954469,139.2966591150962,284.0133733446929,883.3940621333196,1024.8241518916834,226.6902897175029,798.1338621741805,5.729741597856336,5.675549759021027
55.637095495467996,633.6557662914347,39.98380340518352,25.484232427310786,0.40113934875627477,0.7476579341106183,0.9224590985220776,0.7267666504171716,64.44723821423518,254.18426142580435,379.4715048656303,1134.3712254446618,1517.2329131958734,293.3547986025504,1223.878114593323,4.814924841247771,4.8536441211230406
52.36329655243313,247.1714853265205,40.22422373668279,20.52520820691527,0.3124082833913108,0.744876595959959,0.8501336920516036,0.8292949188541775,61.48333593847946,77.21841943413884,169.95306589238166,422.1368740762057,566.7205499082397,115.94575946911861,450.7747904391211,5.837658860961225,5.962907184431133
63.934743307283014,451.9733829865846,40.57562337661284,21.48519339605021,0.3142311357755819,0.8009005848109672,0.8325130848030952,0.7524360145135474,76.52017701208428,142.02410947620658,309.949273510378,960.6967575245559,1199.520609354162,239.6870607190278,959.8335486351341,6.758243738862773,6.747879561252472
62.57885693559768,972.4710901017588,41.16635235841207,15.467236391900865,0.41477316993541924,0.7521698491924178,0.7069602628156465,0.996130025777235,73.66635274551079,403.3549167120592,569.1161733896996,1989.9555099513216,2645.6198850404294,383.1022673770095,2262.51761766342,5.609247647472093,5.611961085329995
67.54944027054106,332.3200894310148,36.30985220513296,18.89364673912574,0.4132036849775642,0.7018174069902432,0.7616641117111944,0.8683450637305523,75.0945954573026,137.315885544969,195.00420388604581,693.2067410599078,987.730902875062,154.51034304427466,833.2205598307874,6.067910908661179,6.093998005402862
64.70142087607772,691.062998087163,35.18866818321139,15.50514605811696,0.47560670256889137,0.8296595054597603,0.8149036879332315,0.9062310582822601,71.77696984865382,328.6741937876077,362.3888042995553,1377.8446660339616,1660.7351051446358,248.38869497111378,1412.346410173522,4.297101618772642,4.23059469208681
66.06961860769697,392.6710578022254,37.821987465941135,28.187786589018714,0.41157473513201465,0.8022187642944796,0.8571259750208919,0.7976254842047823,71.18449496727997,161.61348660895894,231.05757119326645,776.4469704977505,967.8743567916983,170.8531522688991,797.0212045227993,4.931650329723268,4.7947389987474205
55.64069145142613,796.1258131179405,35.71172423437628,18.650950248277958,0.49195820408097,0.7891035628986323,0.8393129583296026,0.7284216744338032,63.90534973801125,391.660625244004,404.46518787393654,1413.2416256322383,1790.9456908811123,267.28453518775734,1523.6611556933549,3.8902587022734703,3.685385475584061
53.548790875594456,217.78629464651485,38.01074166800233,23.36005754359512,0.30973896967998593,0.8933937029236632,0.8856589974204225,0.992761258835061,56.82451127121982,67.45690251423335,150.3293921322815,343.766659857169,384.78742208746286,82.33202667892118,302.4553954085417,4.483683420606569,4.390178531056932
65.01229503281716,972.8389405706903,39.055858626438244,15.584689809916956,0.3196015369561482,0.8142398367925827,0.7699417327217601,0.7858777106149549,78.92624983909475,310.9208206171835,661.9181199535068,2132.848035463404,2619.434642089024,480.2825359788844,2139.1521061101394,6.880054226873207,6.977712218143632
66.13669478534528,508.41058724527534,38.88405018492137,25.00271086958487,0.3088131723140763,0.8726863155578769,0.8412381519131182,0.8271424555520722,73.61775486667692,157.00388628527594,351.4067009599994,1039.6679439846093,1191.3420956073858,242.4481896612213,948.8939059461645,6.043760625275383,5.916313771107006
69.81010284001347,312.44541701181754,35.74552887020121,19.84541018631141,0.337055370066708,0.727890047241032,0.722035560847698,0.8949591765107725,75.8179211182044,105.31140565656506,207.13401135525248,658.0267216874017,904.0193971349963,151.45431039406955,752.5650867409267,7.146092885657084,7.095111150307823
58.25235353822853,166.1470725970114,33.66860201698753,28.468787804364986,0.4082540221883356,0.8138412926258856,0.8034163808958017,0.7074091893058333,60.37681547090618,67.8302106625473,98.3168619344641,278.6508650894725,342.38968655718656,56.97242636225561,285.417260194931,4.207819162096826,4.266698917366078
57.440361715855666,252.78211457878666,36.305293384622075,28.321772834010538,0.4291144362854856,0.8735959253461806,0.8875402082386502,0.9430777391551861,57.98221141182302,108.47245460052908,144.30965997825757,407.13516690652443,466.0451761438661,82.64815430998935,383.39702183387675,3.534510427055522,3.5897219006864485
65.52825921483993,567.7965537004159,33.42594144081909,19.879359275426218,0.30911703158973375,0.8166211514559796,0.8733502133572609,0.8609734570085861,69.37990918961259,175.51558522675342,392.2809684736625,1094.2687037197177,1339.9955435500435,282.98558637833617,1057.0099571717074,6.022313948964288,5.827275376345346
56.816070805060356,403.30285878815766,40.90097035183808,28.51441343535702,0.48919417796911985,0.8436028356254003,0.9476606842930447,0.7834651561206466,64.01085961971198,197.29341047746883,206.00944831068884,717.1045188365913,850.0499151416079,144.0194588251814,706.0304563164266,3.578581031205075,3.6856227622047917
68.61514651207129,845.9950292943486,35.45877460737857,29.94236510248168,0.4684330753300762,0.7744087135624415,0.769472781496939,0.7184823955877407,71.95977993294748,396.2920532863096,449.70297600803895,1691.0448925663552,2183.6594332561112,312.61093322934175,1871.0485000267695,4.721387886814351,4.881067598496813
67.16825503686024,487.79877129562533,33.544597472233235,27.38123496185922,0.3593224964314186,0.7184899034074133,0.8245473247934947,0.7487495246423324,69.30823870246778,175.27707225812273,312.5216990375026,939.1242688813246,1307.080676329007,241.67153477543582,1065.4091415535713,6.078428443764686,5.8723970984856635
58.579880547500366,323.84284532886693,32.25447759905751,27.673070216328433,0.3154375060452936,0.7915800590254143,0.7823826034434991,0.9685101576560311,55.48554365461353,102.15217948114953,221.6906658477174,499.127675881364,630.5460454573415,118.19990759535395,512.3461378619876,5.015518420304801,4.8915593504544574
65.01742135582995,655.4304879436271,38.45822386286484,18.73513104163635,0.3339774146438114,0.7788958781677715,0.8101507785147937,0.9058072671807673,73.84714567217378,218.8989798421444,436.5315081014827,1344.4908533654714,1726.1496575488009,325.9877655664029,1400.161891982398,6.396383815914094,6.624944010982965
65.09085748169365,736.0994951969012,38.369023174547436,23.650535982866344,0.32538888275099453,0.8734120364757895,0.914237532467347,0.774970516491067,73.78456745911205,239.51859233569076,496.58090286121046,1508.688412777058,1727.3501506397868,372.8730257806688,1354.477124859118,5.654997850692056,5.630084160280098
52.062477376718654,250.33771711085487,35.406041665812914,16.008838709510517,0.32465675585978937,0.7487990604704944,0.8710522687971216,0.7196802294835088,60.86894643539079,81.27383110655582,169.06388600429904,423.2720303771843,565.2678438341375,116.38341622467513,448.88442760946236,5.523111455407371,5.155309025106411
68.05105813359134,250.8572946594859,32.71711888847651,16.423769052325046,0.4037123377331468,0.8933468455070217,0.9206102978368954,0.9071845937159909,72.18538706939695,101.27418486439389,149.583109795092,503.0064142826877,563.0583650823828,108.18152801206372,454.8768370703191,4.49153787492241,4.302936200182352
60.105047448957144,133.00428424018867,36.09628894895232,29.98338918049936,0.34916948849868007,0.8916276239608992,0.7508777770829715,0.8717223177903295,60.91516264241625,46.44103789627973,86.56324634390893,225.05493351747924,252.40910832003186,43.172800691618455,209.2363076284134,4.505418421003351,4.471712985916628
66.52914932215484,762.7618135590765,35.112174950633936,19.899588741388662,0.3716279433058289,0.7495263286142877,0.9183402794603595,0.8213558573374705,73.07751044860119,283.4636040051837,479.2982095538928,1548.3537333377058,2065.776309953351,417.22645170208017,1648.5498582512707,5.8157373114508335,5.612818795368769
56.400992020612236,697.4240748596246,38.77120639735009,26.222758680732696,0.4979010666768645,0.769610391095464,0.7149405685445961,0.8090834347570192,62.38827418496687,347.2481907987325,350.17588406089214,1208.641233487198,1570.4585689998507,197.31212234599624,1373.1464466538546,3.9543660213041685,3.9053211539740427
67.91046456992402,527.1677881748325,38.05779249452691,27.099975795402248,0.43686284978506895,0.879111148174777,0.922149820109288,0.7650442827787325,74.75432978822185,230.3000222569489,296.8677659178836,1094.6687414152473,1245.1994764120714,226.3198456985946,1018.8796307134768,4.424140391861095,4.428440153786121
57.784033574683264,859.7534040722774,35.6459372819754,27.87034906510844,0.48979613340940026,0.8933244441792215,0.782268444865182,0.9008833769612553,58.69918565262118,421.1038930001712,438.6495110721062,1401.85624114199,1569.2576759499768,219.21075792043248,1350.0469180295443,3.205971116560054,3.346609497327823
50.21675302960597,825.1031376550478,34.1789255425499,29.964424461032348,0.3285113110066231,0.7886878205672088,0.7786469083535166,0.9912004083381611,47.754195715514236,271.055713466738,554.0474241883098,1094.5037978073342,1387.752884303689,253.9565672588907,1133.7963170447983,4.182890308947241,4.146442202805691
68.10763952838528,626.8189279570769,41.880359661555914,18.622447278853016,0.37642789496651385,0.7641994091281795,0.8280221441746659,0.7527145737510477,84.82867779399666,235.95212957604934,390.86679838102754,1477.0061354124803,1932.7496433129816,349.27884061014737,1583.4708027028341,6.710983306435758,6.926917609807379
51.82573353572267,881.4441524619327,36.540016211961145,15.605262402895496,0.41094636065647083,0.8052188026503084,0.9351725469308079,0.879134986004651,59.075094237464064,362.22626657615865,519.2178858857741,1446.4276769930643,1796.3163207717853,346.33585327980416,1449.980467491981,4.002968865834914,4.174547339196267
56.3862727518083,285.25708903309146,38.88274235780237,21.167872769918787,0.3153516123777476,0.8375538412731469,0.7119453411703514,0.8272555167237928,64.68670018688127,89.9562829687681,195.30080606432335,512.5649942907246,611.9785606995557,104.40432607406883,507.5742346254869,5.642454510950742,5.885245322868818
69.0012393410161,200.7276574579551,33.405529675783605,16.951210047434206,0.3008374887255916,0.754694903074996,0.7880577437676863,0.8340066165233995,75.25758522853157,60.386404387421976,140.34125307053313,419.6188552462652,556.0112484350071,107.22296108774746,448.78828734725965,7.431942535739697,7.495430928984581
69.01214293875113,342.77465036529065,36.85589699659398,15.336388337430828,0.43408686675938346,0.8472946349238146,0.9141429971708339,0.7762441840383443,81.54674392049866,148.79397398161217,193.98067638367849,776.4487954382449,916.385827827247,165.92442370403214,750.4614041232148,5.0436276687922605,4.746564684755853
61.46875776246572,151.37817048038337,32.27536719869465,20.406402407122293,0.42836390336028707,0.7103314714229282,0.7990136193588666,0.9475404626984257,62.08509011950238,64.844943990516,86.53322648986737,261.06464878888886,367.52510523844177,58.752842380192824,308.77226285824895,4.761701435094291,4.827530747781912
62.63674424339598,578.0525752009288,37.0545511791045,26.756073766128544,0.38215776199992235,0.7098588985528832,0.7497892243992668,0.8455766812441723,66.60920109685466,220.90727845707877,357.14529674385005,1069.545006280927,1506.7008506356674,244.29347510269636,1262.407375532971,5.714648174339129,5.89438526948526
58.96891043956639,942.9451230654654,41.64017407117702,23.492710368376063,0.39792881520640655,0.777257541029109,0.8061985453328528,0.8630217556594793,68.32098640431913,375.22503562609984,567.7200874393656,1789.5261370270746,2302.359311506577,391.13888953774034,1911.2204219688365,5.093531189302913,5.081143654404059
55.86421543396129,135.4091866016587,35.842067129858,19.69166983815531,0.38308860011841794,0.7706946384121441,0.7963881253729173,0.7914282738391977,62.662145734911014,51.873715738403064,83.53547086325563,235.69528290774713,305.82187958819617,52.58769905917782,253.23418052901835,4.88174361378058,5.137241948773914
56.57329090739832,209.8989226090241,32.38996012574911,24.815130082390795,0.30480100896897777,0.7631266430734305,0.9288540503666758,0.7545425397000849,58.447529977296554,63.97740339273193,145.92151921629218,340.7798214275885,446.5573630808191,100.9257327862839,345.63163029453517,5.402401660049245,5.54175664784438
63.45036912154077,506.9791254550918,32.30955790919344,18.48027270463216,0.3670743212434925,0.798203952533782,0.8904835939357743,0.7257731164608461,69.3361542825596,186.09901836104723,320.88010709404455,976.4439683497608,1223.3013445375482,241.31267614029073,981.9886683972575,5.27669988291996,5.36665812480062
65.0474905887536,940.4875157751144,35.879867599468696,15.215721691081276,0.33541645107945794,0.7641467164623142,0.8262788889360015,0.9142357422774747,72.8931726399559,315.45498482582457,625.0325309492898,1904.3088570310742,2492.0722892682743,478.9662627647482,2013.1060265035262,6.381595230188052,6.589580489132036
65.83158087451697,384.54049447907545,33.60024936463194,26.46530079654641,0.31968483782027374,0.7384515836936183,0.9470926416803928,0.7588702845063566,68.30140715018283,122.9317656128711,261.60872886620433,729.5738021985545,987.9778421617589,222.80137234015953,765.1764698215993,6.2243999019036655,6.28665071998824
65.79236285589107,556.5113278195531,32.23352096328186,24.35614627296014,0.49134408677786995,0.7618939098177202,0.8163193828189808,0.9070226062566393,65.15505451322625,273.4385501490381,283.072777670515,1007.2090528141918,1321.9807112714186,192.12211945609772,1129.8585918153208,4.132038409359213,3.8230267474365474
51.82412206097381,137.41557314535288,39.56213613950177,26.4345393675144,0.4198719450084331,0.894980854562047,0.7145594577050688,0.8171129338140861,57.7382053666955,57.696943970987924,79.71862917436496,220.392460634682,246.25382711960873,35.72837576559079,210.52545135401795,3.648814596833372,3.5941766320741766
59.88840609405163,233.50888086587997,36.5852300888189,15.584070250314983,0.4457312568473205,0.7822226833989697,0.7655685804537462,0.8247324402968954,69.39763821991791,104.08220695335991,129.42667391252007,450.13791209634024,575.4600597113458,85.46488651205463,489.9951731992912,4.707770785633533,4.8768505655586925
51.15117520033289,987.9671106629622,34.89244771972655,27.556794417459784,0.3630727486532235,0.7889425553716671,0.8090176200548281,0.8407532488278315,52.41392896857856,358.7039344473851,629.2631762155771,1438.4232767105636,1823.229418817355,328.81920536725846,1494.4102134500965,4.16613833843882,4.065202221125579
60.99057764647471,968.606826792441,41.000831830164806,24.292893000544552,0.37862942589880305,0.8153089979902279,0.73922565603653,0.810312552438263,70.66111633802055,366.7430467500833,601.8637800423577,1901.1899909383774,2331.8643552627204,374.8858448241917,1956.9785104385287,5.336102559490677,5.300328393275558
58.83061002746754,104.44598284096865,33.16138960200526,23.450930260689603,0.3473847987793447,0.8966681536828454,0.9368912815810106,0.730185993166777,62.605117008224035,36.282946732520784,68.16303610844787,181.63480491105008,202.56636099434277,43.34926653745703,159.21709445688575,4.388207375510044,4.250658622943939
67.754083655166,956.630606880915,41.55918828955319,24.369210721717973,0.31939313419308496,0.7483202552871526,0.8917122244544432,0.7928895430008537,79.44310678332407,305.5412477967284,651.0893590841866,2111.0474292954623,2821.0480932196483,599.2383240029084,2221.80976921674,7.271717927573804,7.660883385081785
57.01830025104157,675.2079440339503,35.13966717377353,27.96649870302546,0.33580632748831674,0.8362564221064868,0.7670718001069431,0.8991203082081816,57.469935508585664,226.73909997697774,448.46884405697256,1077.8932499587734,1288.9506393787876,229.84501110788707,1059.1056282709005,4.671032161539135,4.906661321978686
52.341340328552114,881.1264650680199,40.88403672308681,23.804047598383605,0.4595028090592972,0.8431969387083449,0.8477011333794789,0.8997353204406613,59.23574328132257,404.88008583524385,476.24637923277606,1449.8383634207908,1719.454017043435,275.7368534916038,1443.7171635518312,3.5657895116612797,3.471238798581986
52.85983364105672,509.26587007047317,38.029428764794616,23.714255698322688,0.4355091610367552,0.8214648833586132,0.880362289277393,0.7858672921719982,59.41680790609152,221.78995181904494,287.4759182514282,840.5264548640517,1023.2043656297321,177.9708022295723,845.2335634001598,3.810964186915794,3.8278046090444073
65.23021263434944,564.0364257213253,40.26707359741488,29.860187355986486,0.4093857751970954,0.7177156679273288,0.9353197322266995,0.8380307879673063,70.93419769881966,230.90848938332365,333.12793633800163,1111.374203651447,1548.488145536733,299.39181879192165,1249.0963267448114,5.409486373068022,5.299052674718017
62.36436126632522,539.9619222312282,41.840131632104644,26.35095250602852,0.39501797457335364,0.8353744551655153,0.9204088372938526,0.7580341684035812,72.9574504594788,213.29466486651444,326.66725736471375,1094.2845886441605,1309.9330268931271,255.29387055403646,1054.6391563390907,4.944517280819529,5.035735412652668
52.022453522455805,700.1778317914939,34.88405437818746,21.63440708176703,0.4844868567312249,0.7128189422072351,0.8287980565345534,0.7631116244589506,57.12022564599581,339.22695687754515,360.9508749139487,1110.9532151181731,1558.5349228769373,233.06284783120915,1325.4720750457282,3.9073312075378483,3.9670762253477347
51.68213612229995,225.6861292806816,41.61135485407593,25.610955000493917,0.3145469895557337,0.8192285299099794,0.8936631549482543,0.7069141265219822,61.50024291174423,70.98889254972451,154.6972367309571,385.5486603492564,470.6240643152678,100.90059221909785,369.7234720961699,5.208187630722586,5.33501307825853
64.0193826291824,126.97623088541016,35.894818949024206,20.838457075376827,0.35612016264758317,0.8479162354443486,0.8405361884568963,0.9690239649723233,67.66160920924565,45.21879599528934,81.75743489012082,238.6504475842103,281.4552164567837,53.313671116160954,228.14154534062277,5.045281288877956,5.095519946887577
51.45526012728387,377.13694743207185,35.85511904736922,18.433131937252483,0.3699875707141428,0.74219397812399,0.838175972511385,0.7632119995224719,58.74970779752227,139.53598300693963,237.60096442513222,615.4634850356593,829.2488260162638,153.26296895394154,675.9858570623223,4.844527142713454,5.271146793965607
66.43720118580713,734.212686462982,35.403871042545056,23.95277815331639,0.45648516244255755,0.8683244015085548,0.7286854895845479,0.7682601630809389,72.08540507791338,335.1571974474409,399.05548901554107,1470.1671921396407,1693.1082318837225,234.6952454389641,1458.4129864447584,4.351429709855673,4.217241569539641
64.12484454312992,281.66810691065353,37.414076073475854,28.92273147170927,0.49850292403239427,0.7060707611066008,0.731534414504038,0.7838804297935396,68.53459603686741,140.41237490162982,141.25573200902372,536.2224978775229,759.4458337817579,97.51423442211855,661.9315993596393,4.714197020194095,4.472273383107535
51.626975612837995,706.0891899924255,33.541450431784874,28.93709280023194,0.3481341029514306,0.8687625727316612,0.8323834037556144,0.7382224215086287,52.74778617491794,245.81372676171532,460.2754632307102,1034.5733781705962,1190.85859663311,226.1569373089717,964.7016593241383,3.924523142107894,3.878242394420232
51.69675428170384,972.9208414965434,37.537114853580114,20.128579171582356,0.47486146682741615,0.792065810128553,0.7672153862447516,0.8917788649544088,57.56570710681399,462.00261790001264,510.91822359653077,1555.746561102917,1964.1632566496182,276.97260613807185,1687.1906505115464,3.6519071216100576,3.480122696202041
69.73279157002351,184.51064421047653,37.41704812410004,22.915161993325427,0.4661245520863583,0.7435175879863288,0.7052592256151171,0.722542885953276,79.58134213204524,86.00494138777378,98.50570282270274,407.87790844216676,548.5786954237678,72.29290995615855,476.2857854676093,5.53788861177361,5.289935917516571
57.4854159151224,705.3419064026136,39.6190181260487,18.174538478547916,0.34493147952835335,0.7267556289987935,0.880709800975053,0.7402607278979051,69.87596170876881,243.29462734880283,462.0472790538108,1369.0678900938617,1883.8077552697353,380.38570179659615,1503.4220534731392,6.179429730348038,5.993803124040515
57.412842941337814,499.375197374114,40.33649961937586,29.93446664248325,0.3798665160398445,0.8906614335164745,0.7081216491725412,0.8934270179770278,61.46503274083523,189.69591642321438,309.6792809508996,852.6142460155826,957.2820983719082,147.12993244626514,810.1521659256431,4.270793916924293,4.152639553897119
66.25599134515005,881.3280289397549,36.40441350312424,29.716768618019035,0.3819345738585038,0.7145331175162313,0.8488192102760136,0.8018981861444328,68.9678394747914,336.6096451626604,544.7183837770945,1688.4247229042035,2362.9761609556876,433.8873963079024,1929.0887646477852,5.7309372811215455,5.566811587030573
68.94497154767717,259.43481050264734,35.023332493514935,24.742633945611708,0.4956441337053117,0.7398186839871851,0.8347984485318285,0.9123843480103567,70.92766819066667,128.58734190458634,130.847468598061,511.14183767889597,690.9014988971944,101.81291902976199,589.0885798674324,4.581233044731142,4.652455498136734
69.72002127645742,723.3633570035481,34.59334897317095,27.0662108951621,0.3361783802757797,0.7695644694866092,0.942203672644451,0.8672274234010426,70.8638334813569,243.17912170830337,480.1842352952448,1423.8972354781877,1850.2637425920873,405.03995704354696,1445.2237855485403,5.943042212653871,5.852793123925458
65.06756370517883,854.3037606832992,33.94623836704872,25.7265024192555,0.45983159422095643,0.8240469697922241,0.8210532848369103,0.7768063519184539,67.92989489468506,392.8358602239599,461.46790045933926,1612.0212408708528,1956.2249482906407,303.6598404274753,1652.5651078631654,4.206757262234207,4.184102034988557
57.525191710618316,950.1527975266209,32.57647582199025,23.897373285592025,0.366838542834622,0.8089602170552197,0.7159003590944493,0.8952483851467984,57.68037670282323,348.5526677149052,601.6001298117158,1522.3658690715783,1881.8797722999295,298.5568010279157,1583.3229712720138,4.542564490044515,4.664427791462973
51.67001433397338,714.9232254606812,35.424479788347135,15.800219954833466,0.44617406915523206,0.7251286984824628,0.8379219919516154,0.7348821040878641,60.26618784878465,318.98020463737555,395.9430208233057,1196.824927863123,1650.5000151942936,268.0775539196078,1382.4224612746857,4.33388166781778,4.234247133564198
65.54293831854874,547.4572876075846,34.702476921307834,21.821465138289916,0.38400220085913256,0.757945596747643,0.9102740426540253,0.8609231149240091,69.7013115492231,210.2248033176836,337.232484289901,1059.9580823174692,1398.4619567232355,274.4542876426669,1124.0076690805686,5.346693878847453,5.30426050072909
61.1680849947161,656.0625161810924,41.66417385866407,25.12179453251116,0.415671952623308,0.7477503542172048,0.9492123210703599,0.8311444315135104,70.62204097054025,272.7067871439553,383.3557290371371,1287.013163804912,1721.1802796833758,334.1292573495826,1387.0510223337933,5.086235795083467,5.142046041093717
58.48444018493953,882.0144860308465,37.57708826250044,25.16297420825527,0.46652235466522624,0.7427085708980683,0.8075857934222681,0.7803620748452322,64.6634029759967,411.4794748719498,470.5350111588967,1584.2793928022013,2133.1104216106223,321.65201616270866,1811.4584054479137,4.402305621712067,4.145884376403901
68.12708770189472,613.5487719749467,35.47277039030507,20.596839276335754,0.4608331129967768,0.7822288672959974,0.7800746856241856,0.88120149932185,73.55840054414394,282.7435905645643,330.80518141038243,1253.6573978416877,1602.6733993790344,235.92418850896485,1366.7492108700696,4.833882204512691,4.488031635537876
52.223949646123025,127.34835372715318,37.80467600993696,29.12537979987046,0.47328463670794,0.8408062905183313,0.9266633242379997,0.9614000777020848,53.234355367735056,60.27201932910993,67.07633439804326,188.31409771686944,223.96846912358322,38.260697820134574,185.70777130344865,3.0811606010644526,3.113153893369569
59.85250208581718,937.85382595628,33.391967013456956,17.510355483551713,0.3119234650689318,0.7434905864434471,0.7478105322690303,0.999671409928923,61.9146238720055,292.5386151204378,645.3152108358422,1612.968524472344,2169.4538624733923,390.70303778915786,1778.7508246842344,6.0803966818258335,6.17014594179493
50.22707289534838,720.574075928405,36.44043749202203,22.50539169323341,0.438410110607949,0.7733357759405962,0.8538572287582316,0.8823288306230274,54.18388364652096,315.9069603289927,404.66711559941234,1084.5417191334461,1402.4202072047358,235.36980363222673,1167.0504035725091,3.69428518560375,3.9230597215240572
59.37321283988253,708.8620471995218,38.26234321421064,25.363259648262343,0.3279974753443526,0.7781834853682325,0.8014286060452369,0.821411762298751,65.4246369200776,232.50496184887245,476.3570853506494,1288.2511684569895,1655.4594034431295,312.0486615298653,1343.4107419132642,5.777987408227775,5.805391514289687
51.126065513636746,294.1076371579454,36.88897831792451,25.457037088377138,0.3831637136036822,0.8952913058870821,0.7102705912388888,0.7675621300648604,56.03517865656808,112.69137445264268,181.41626270530276,457.78816645573806,511.3287300407184,78.40829071505705,432.9204393256614,3.841646633812169,3.93612114357437
52.37635832536144,692.9969232093915,36.01778800654324,24.729584351532232,0.4097176830109377,0.8909332713758138,0.7868221185764244,0.7771288268185335,56.85412505625439,283.9330937110606,409.0638294983309,1094.4370482151742,1228.416407129012,199.6870890356661,1028.729318093346,3.6231398906258305,3.601893148650758
52.3505249355421,454.4779650887426,41.938483888996984,19.1293232017779,0.38054789694936614,0.8600275165504152,0.7663071306256686,0.8438364934449296,63.348582973190084,172.95063382434844,281.5273312643942,799.7370855808554,929.8970907217181,154.4946809455144,775.4024097762037,4.48337420124008,4.523351626954906
62.984206042321276,686.1096793373429,40.80314762148927,17.34309853029933,0.4039223351606015,0.748331784163837,0.8715227884858716,0.8101833103842128,76.7984215676304,277.135023854231,408.97465548311186,1463.6705665383602,1955.911264912823,355.6303267835329,1600.2809381292902,5.774372780002771,6.063193655730927
64.92089758530847,195.93372727719165,38.2340595815944,24.539104902400663,0.49930526175972384,0.7136074628183339,0.9371976244229795,0.9741443567874832,68.85120136538819,97.83074098569652,98.10298629149513,374.7297919731382,525.1203378579784,86.24443664587481,438.87590121210354,4.486073567369483,4.200221926209203
61.667375301943196,692.0607741427324,37.69377361182283,23.989531742091565,0.32704346274257096,0.763380827544125,0.7670117968446594,0.8104886402967129,68.35494357918195,226.33395200394352,465.72682213878886,1314.0493102747625,1721.3548767031457,310.97646217237735,1410.3784145307684,6.231404533183756,6.308726839856677
69.24345096949084,999.4723531935999,38.20660479824584,17.690340154338614,0.4350912090672851,0.7533589098867661,0.9028664847879204,0.8120333773436306,81.1496884008179,434.86163458032803,564.610718613272,2252.9686118581344,2990.564765732667,533.8547627992986,2456.7100029333687,5.649406173309049,6.011350079005127
57.49741159047408,143.39083497450042,34.01312107822433,25.57708718355845,0.37920019327712307,0.8011851600292788,0.7138399542346023,0.815060353730193,59.51308077438055,54.373832336498616,89.0170026380018,237.04528733731428,295.86829507507554,45.89008886048092,249.97820621459462,4.597399069971309,4.636297785684103
55.714241725637216,979.4567657991855,35.951377432643184,21.827579876004847,0.3266019597814657,0.8555455820135587,0.8345302525099533,0.9509860631102974,58.79550284885078,319.8924992312301,659.5642665679554,1599.6570295520053,1869.7507919883735,367.76102672796435,1501.989765260409,4.695295353501601,4.927793180448078
67.3719825637892,466.2171646505835,32.39459532890899,25.016408874047293,0.3317473526748619,0.8716645877757716,0.7176375159274736,0.8952364962540705,66.76493370457335,154.66631014441128,311.55085450617224,864.6377247175102,991.9385699995088,166.49402171986657,825.4445482796423,5.33693826088518,5.236196269034055
54.47191677038905,883.6781053035332,36.755460374868264,27.56050619655226,0.4898546212491234,0.8689728170821017,0.9335082477826597,0.8842506550956678,56.66264713538914,432.87380357960524,450.804301723928,1390.8761295023153,1600.5979728718066,266.7856237877823,1333.8123490840244,3.081296068401924,3.0783336338688607
69.26445078881223,804.1469356524461,37.43024583957663,17.545926428653846,0.4759202993423524,0.7719351122446135,0.8915878201393475,0.8002429067151586,80.62906249440434,382.7098503309476,421.43708532149856,1801.0448202612451,2333.15571696721,381.5691325262462,1951.5865844409639,5.099389479401519,5.1045181448413315
50.243089493796326,610.314634888001,34.2774973610321,15.28717301995255,0.48140839208300434,0.8374468686921366,0.864487477801148,0.9453712530497318,54.43806695681545,293.81058704615845,316.5040478418426,922.8985821877048,1102.0383700628322,172.92148302246784,929.1168870403644,3.162298868741573,2.9519182958939436
69.39757653415278,764.6042883261939,41.64028847165514,26.6865387959368,0.4983065551654773,0.7625668395048439,0.905974095406166,0.7115091584067103,81.79558022830815,381.00732898057703,383.5969593456169,1737.2569835748236,2278.1701138524113,362.41686659619756,1915.7532472562139,5.028127024175629,4.851914629017938
50.863198239011524,890.6640051712131,41.094546109372416,24.145461377289237,0.3416630780017036,0.7121811086470365,0.8618799488925407,0.9612391517014339,56.54245649235983,304.30700547212194,586.3569996990911,1398.8980767140076,1964.2448525088782,390.0844676256111,1574.1603848832672,5.172935083899929,5.0027131764759005
67.82286227396142,463.72628948592967,39.221432354559056,25.494593544331828,0.37108786747281236,0.8403130531205885,0.9422360992935728,0.8538249699381788,74.98217608708431,172.0831998564137,291.643089629516,965.8668415123391,1149.413112084233,238.39322202930236,911.0198900549307,5.2940664214466375,5.424628594044307
60.554022181726,394.32984540691484,37.33386628765363,27.57232462482964,0.4338438059849733,0.7019655105139575,0.8784894869661928,0.8194750704590238,64.70856731695949,171.0775609448021,223.25228446211275,708.7922040722104,1009.7251124962744,175.76970893856796,833.9554035577064,4.874721143743573,5.002266239289363
69.85929592238601,700.8340470072262,40.69969159647685,27.04216402236751,0.3967605079721295,0.7818365174916977,0.9311646523955617,0.8491501842153057,77.9687568978369,278.0632724947503,422.7707745124759,1517.8655399120448,1941.4103920109653,381.68196676982075,1559.7284252411446,5.609257242955707,5.663785355852703
51.475931294707976,827.0613477471327,33.30652343823463,29.41380220393237,0.3836779066756667,0.7658758538604151,0.8292829730026594,0.9002246591601493,49.84551146996016,317.3251665959755,509.7361811511572,1145.1471082080668,1495.2124452493522,267.4739135765861,1227.7385316727662,3.869023515666964,3.9646777202848837
61.077085688026415,786.0566212989542,39.90509794274885,23.039026182781775,0.3715622498671186,0.8386755077037704,0.7292661032454656,0.7038296279553692,72.51703203836041,292.06896673278504,493.9876545661691,1583.4025886306,1887.9800042877555,302.84034173202576,1585.1396625557297,5.427278633152353,5.400552095143071
69.38605071238197,818.032283972771,33.248208139668485,22.32743448989858,0.4187561263886904,0.8532490945520758,0.8320444303557543,0.9614655569374744,69.80507775225846,342.55603049733077,475.4762534754402,1586.1890885160235,1858.9988534927354,314.6676324227298,1544.3312210700055,4.508258747708834,4.670817316609332
60.461956883402976,492.0249833316397,39.942106625494056,21.02830799836095,0.4151186857280164,0.7608189271942567,0.7317182070157733,0.8340218575934178,70.34414129696376,204.24876442597946,287.77621890566024,961.4187485865862,1263.6630270649289,189.28270403038871,1074.3803230345402,5.260155800961527,5.261542658286302
62.58797276270525,836.0507945575195,34.75767568251357,17.30536564266307,0.332291566812848,0.8623254028889707,0.8481233697941012,0.8028899559100234,70.11376061462961,277.8126284586446,558.2381660988749,1628.2962575354668,1888.2619624567863,374.26238491021854,1513.9995775465677,5.449714744597879,5.45917502117119
63.914973779692346,208.18814983354758,40.77090581018189,23.589108493230334,0.39434796750368784,0.7587833521009867,0.8206232651319156,0.7414736696902171,75.6785596941377,82.09857374521272,126.08957608833487,437.6494256886171,576.7778437373653,100.33295835115712,476.44488538620817,5.803327191344665,5.757087562831687
59.09082129535547,590.0401881647646,41.44042093825398,19.155187864889683,0.41069435524196996,0.7892652719973122,0.8556438494581954,0.8318396123075327,71.25114863305247,242.3261746451786,347.71401351958593,1167.8066985111634,1479.6124192261943,261.1257174722794,1218.486701753915,5.028291737523032,5.131540237966321
62.55116160168127,105.18279444830941,33.487959694051156,28.819612683194634,0.4140573877462781,0.8454037054028268,0.7025117452637079,0.8488968313853136,61.950958394755524,43.55171310512072,61.63108134318869,181.00485896420386,214.1046435063314,30.846280479865953,183.25836302646545,4.207833629509245,4.154663593151645
61.686286238462,392.1272469102433,36.62675605065394,23.747862064156465,0.34202143858247036,0.8385840458449577,0.748710122913841,0.8210940083480434,67.25008645803617,134.11592509562496,258.0113218146183,732.5164238129321,873.5158120911401,150.6136258104921,722.902186280648,5.390129365809594,5.54802210900759
68.02316020981978,429.8153813842581,41.80987378162685,23.892602707621652,0.4484542784504574,0.89747369446244,0.8228326079780327,0.9035980281480691,77.8232156046934,192.75254672558563,237.06283465867247,929.1559748800178,1035.3016256777917,164.44775702634146,870.8538686514502,4.5179889108871345,4.364537792990375
50.90892760682916,456.55542244832986,36.83407435973147,20.32386991315515,0.3050398189642139,0.7450322048431863,0.9376258903972836,0.8262689586277678,57.09466095187199,139.26758341076874,317.2878390375611,724.0799180673911,971.8773408188371,221.6506522370853,750.2266885817518,5.3869441129667885,5.209350099495242
55.6192637918446,725.920486020876,40.635475225145456,15.779840279665612,0.3709663711086325,0.8324635827079165,0.7959022600887895,0.988425273353972,64.99513290568687,269.2920884125791,456.62839760829684,1310.5916241079901,1574.3531024441613,275.86956532719256,1298.4835371169688,4.8218406443771125,4.92128051241415
69.00822968153118,449.7022911433112,37.8873152213132,15.47615648059483,0.4560425297071267,0.8219363816551555,0.8060930065134086,0.8797832553470776,80.2768661183733,205.08337046808643,244.61892067522476,1002.7969616454812,1220.0420665479267,187.2375493724874,1032.8045171754393,5.0360227395236645,5.022645419180865
67.80527567781833,503.8242603602776,35.75329907919602,21.350027162297962,0.4127785842110805,0.883019690898006,0.8786740222516555,0.9422433806955727,71.7965413129848,207.9678648827102,295.8563954775674,1004.8010923177967,1137.9147064047263,205.49791848679544,932.4167879179308,4.483465695259197,4.422415497448341
59.11313505571426,313.7897177868947,34.8578355552587,16.26848067145857,0.35223248650217204,0.731272428328975,0.8509481893215295,0.7328067709328436,68.16601800319252,110.52693253489277,203.26278525200195,594.1609875521713,812.5029257699268,156.75278300908192,655.7501427608449,5.93294437583191,6.0913642663735885
62.40265195603074,435.9266124664061,34.032230910860875,24.10270433310209,0.43899062386860954,0.8503596327173866,0.7747315375245832,0.8191873878837717,65.29799179258531,191.36769556755718,244.5589168988489,790.6981211944694,929.839671090378,141.4482147956084,788.3914562947696,4.11977295309202,4.044719578615772
55.54762365962265,304.54266453683636,39.61798191377697,28.214595084594862,0.4134781888312147,0.8136537232537536,0.8027040988918569,0.8010543104341458,61.32170827989377,125.92174935452329,178.62091518231307,518.7521231530397,637.5588390090325,105.05771800291028,532.5011210061222,4.228825629692492,4.203427143834033
53.762423194475225,165.87633139159928,35.86540506823028,28.24372224778083,0.4592487218912774,0.7549331739575811,0.7544249497143081,0.8708447164409775,55.10247751324833,76.17849318360595,89.69783820799333,253.89435612460355,336.31368296297654,48.020444805985136,288.2932381569914,3.7844439566708803,3.943302949460434
59.27396809879964,643.1037340432401,37.112754622007515,24.885681151983484,0.4470050372379647,0.7948869828294348,0.9415053647825521,0.9583340560184277,61.973456656916845,287.4706085838727,355.6331254593674,1107.0933718786146,1392.7682749790008,253.79957141688834,1138.9687035621125,3.9620353161419137,4.144979406062053
57.067044560521055,701.3915186995147,36.92325480001182,18.168477472093965,0.4220215844072469,0.7667553194139596,0.7326585953893399,0.7235014653286019,67.05859196708728,296.0023600113743,405.38915868814036,1306.5091017124007,1703.9452725427213,252.54394217771346,1451.4013303650079,4.903343778438914,5.134644047885638
61.67312223701744,657.5413114086531,37.772790292331315,27.94495247038308,0.3976355350621628,0.8158626805576922,0.7929591961416048,0.7217724394134132,67.96032357770096,261.461791187456,396.0795202211971,1241.2977858066083,1521.4543027732377,254.35316201833507,1267.1011407549026,4.846219155006285,4.805201854677341
51.554692739299696,517.1446394205151,40.655771456245525,28.29140152969812,0.32663642513350466,0.8778001221629332,0.7064597430550028,0.9550953124472796,55.18934871246511,168.91827629727234,348.2263631232428,792.8021066600232,903.169282668278,150.37451573720517,752.7947669310729,4.4565619744204605,4.621103087465338
69.48789615332333,441.80720216130686,41.80739343583429,17.94980377429438,0.35226660357707673,0.8138609968824404,0.7554448729833866,0.7638550258115072,86.6342262247272,155.6339225412545,286.17327962005237,1063.211808326568,1306.3800973376115,223.736410970198,1082.6436863674135,6.956347746619525,6.758310370666619
69.72421488959206,877.0002846146427,36.07584208573817,26.06139128656016,0.38381989458341703,0.8263444836653169,0.8951177845950387,0.9006259763349441,72.34204926002468,336.6101567904189,540.3901278242238,1762.3332719624486,2132.6859521654683,411.7018426509337,1720.9841095145346,5.112692159749827,4.973590703232445
63.9632342803949,567.1736066225963,40.27518922106303,19.297793233906845,0.41985985740127774,0.8037495694229418,0.7502938080722198,0.8628634397082415,75.14251989505348,238.13342959833165,329.0401770242646,1183.8570560996577,1472.9178106429556,224.3937920549577,1248.524018587998,5.242959884691238,4.87325951230982
60.72192732688241,531.2636898667579,39.645277946547175,27.039604685293945,0.40274157104306096,0.7102331012890951,0.7200158506322414,0.9498680784661688,64.85407951183389,213.96197309507158,317.3017167716863,957.072710676916,1347.5473178310042,202.82263148088535,1144.7246863501189,5.350131473322474,5.618633417853404
56.19055232572656,123.07785922579211,37.73528951455573,29.95856849855404,0.3576369051919059,0.7465717113752188,0.8186132949611308,0.737526672950921,60.598937809260285,44.01718467115735,79.06067455463476,207.17743158112967,277.5050653868193,51.07381918902982,226.43124619778948,5.144155581266889,5.010822178385084
66.27590039413897,407.1230448635407,41.56047143611933,15.450390079940892,0.3012928715579421,0.7984003458864165,0.7024923086836296,0.7389348897167833,84.49652704571234,122.66327126434908,284.45977359919164,955.5689825345813,1196.8544195376942,205.61089330762485,991.2435262300694,8.081013297728388,8.050337953942432
63.69462345107759,442.17605690727135,34.00474515528403,28.46048798686398,0.3992478443801628,0.7620470567489409,0.7211915386065832,0.8670455080834922,63.44008238732346,176.5378375567483,265.63821935052306,779.2134855527534,1022.526730668114,155.05603524212594,867.4706954259881,4.9137947277004494,4.779600319144512
53.25233878689782,458.94050280721046,33.09264210309622,24.33945800397987,0.3571251977124486,0.7363527195522388,0.9019064673907438,0.9839135960075113,52.253080094441486,163.8992178032756,295.04128500393483,666.1404125491227,904.6485398386105,183.58442594607854,721.064113892532,4.399435967766535,4.491186017677884
68.21854368987685,622.1551323045991,40.53961966955422,29.600739287472315,0.446921660142107,0.8008265683836877,0.8928683362149016,0.8244993275112262,74.91462286286158,278.05460459550363,344.10052770909545,1294.681030522022,1616.6809164874278,279.42575217236094,1337.2551643150668,4.809325730319848,4.755129391429983
66.45074485846338,580.2422920541906,36.391498166337485,21.975142762896414,0.3047892530540967,0.76456195868957,0.9287847051012239,0.7980826300764085,73.68805713209743,176.85161478559377,403.3906772685968,1187.692421315232,1553.4286107444993,351.0677016230744,1202.3609091214248,6.798699070851619,6.532567349433079
68.99599826583848,647.1145835141001,40.46968854207061,27.710818958570606,0.41696556226115816,0.7516215286346829,0.9136288589776873,0.8820067969593657,75.62313647231797,269.8244961623519,377.2900873517482,1359.3565128420555,1808.5651635222855,337.1834287279435,1471.381734794342,5.453106577502955,5.525359568516949
64.5143901677672,788.3949353879154,40.93090205195415,15.935911028974159,0.4882948475012131,0.7927970834880762,0.8707938908099545,0.9791345801635094,75.81976396917302,384.96918474597095,403.4257506419445,1660.4421643223102,2094.410031148006,326.6366532777582,1767.7733778702477,4.591986704174117,4.394476627835003
62.2683039187158,831.6871648444841,32.624575936190716,20.029185751174435,0.33488185342229987,0.7266568516164346,0.7130832143251656,0.951078349853387,63.353927324646435,278.51693923065864,553.1702256138254,1463.6291166221856,2014.1957147536282,334.35569314989294,1679.8400216037353,6.0313747028957065,5.87985347166387
58.36486072581238,746.310768603845,40.834647629860605,16.005248066268148,0.3943298981501191,0.8855491466150814,0.8957121544966643,0.998645083219966,68.06797992186665,294.2926493718913,452.0181192319537,1411.1074003555389,1593.482875286311,302.5659473267705,1290.9169279595403,4.386507548573652,4.109250998414203
68.65456966708027,959.9713263594413,36.48319055369422,29.630147002186057,0.31828439836342765,0.8735404195838479,0.9113777027101401,0.706770574960713,73.52750475423295,305.5438960564564,654.4274303029849,1960.674896189476,2244.5153678447255,488.0814026993424,1756.4339651453831,5.748548695670363,5.502977919213479
67.32127779000817,116.40932440872547,37.10432489004232,27.25460860907755,0.4251363824522705,0.841524117148107,0.8997705364429885,0.7338574434138286,73.63844369444628,49.489839062838335,66.91948534588713,238.11670780501282,282.95886351062785,51.22570429580151,231.73315921482634,4.682439135043249,4.707517694174627
50.90437340212379,276.2001871151915,38.2659251109321,27.788211318689555,0.41010633611924513,0.7212427655176912,0.8271197588270065,0.8828403290099865,54.04200737020509,113.27144677326113,162.9287403419304,414.6225707703113,574.8724154934225,98.17064434617689,476.7017711472456,4.208490177595011,3.960458258998384
50.52733948994504,106.8065874803279,41.26382606730087,29.06947847150841,0.38147310484256647,0.8551754508939386,0.7582254596623703,0.9461729318001549,54.33876566465784,40.74384054375987,66.06274693656803,161.2149480148699,188.51681002576422,30.943902093802485,157.57290793196174,3.86740439362177,3.695558709131886
57.529267337560995,682.7272427391428,32.19116094429764,16.27655229179678,0.40427540429474823,0.8615914656218038,0.9113324939221816,0.78557330269203,62.743289747779166,276.00983208140565,406.7174106577371,1189.9042558301219,1381.0539023519427,262.4224950909619,1118.6314072609807,4.052867967873892,4.052579940744495
66.21106661563665,908.2274940549883,36.76843468317817,20.7839638877,0.479314931693802,0.8535529235428676,0.8817907024350345,0.7717633264102656,75.07060213256933,435.32699927539966,472.9004947795886,1893.9218014461808,2218.868624554671,356.5662818817341,1862.302342672937,4.277938987870573,4.208173473824419
69.74552258629889,319.1340669186693,38.877220424305605,16.065523335660032,0.33925886046221343,0.7227931774238482,0.9451902935972128,0.9360927398143603,80.59292343588483,108.26905987749952,210.8650070411698,714.4429839155239,988.4473266085802,216.0589079176232,772.388418690957,7.133971788107074,7.560305782961358
53.008337822070565,934.331090316676,39.22706957698229,18.16189652325043,0.3045129023410694,0.828781591413553,0.7389231494389832,0.7169145561559694,64.50215354051808,284.51587205982685,649.8152182568491,1674.0657623690527,2019.9118558048572,363.3195878226427,1656.5922679822145,5.822495089602147,6.142830698624104
61.8826143070427,154.24065126060475,38.92532431537108,18.440486655565085,0.4723329769398202,0.8668649591498797,0.7564161457630137,0.8108147942747755,72.87895390729109,72.85294597505808,81.38770528554667,312.2471476070048,360.20275627846405,50.31944238976283,309.8833138887012,4.253545409059955,4.142792980854299
57.61781713262043,940.9924241249629,33.34435129408122,22.03660816571368,0.4154234164775813,0.8154706802439335,0.7529495374703756,0.8517427667776989,60.07720341231643,390.9102877095133,550.0821364154497,1570.338702044559,1925.6838290922,296.6609023629372,1629.022926729263,4.167255193702641,4.236907232719612
69.39828795629207,416.460418515671,34.993955883716815,19.02843251180464,0.47813169109236847,0.8292814750456178,0.8981349419053342,0.868104602305097,75.58394480908053,199.1229241779333,217.3374943377377,874.381146895974,1054.384033898593,172.9694413806127,881.4145925179804,4.426484776460803,4.525985411399638
66.84237846271418,191.27874560429487,35.587155254170135,16.514671602266418,0.4193890446826345,0.7916726958852612,0.7467268241125296,0.9185845470378331,73.76726112890066,80.2202103870779,111.05853521721697,391.9474770944605,495.08777949728136,75.12720458757502,419.96057490970634,5.2350969024303975,5.141261110863061
66.76657409422276,537.284583267693,40.04437207679505,17.512366336411617,0.4620322179919405,0.8057414639768106,0.7166649574558265,0.8064537170291974,80.54036360299989,248.24278770004767,289.0417955676454,1202.0304359629517,1491.8314244748194,201.3076282319509,1290.5237962428685,5.198635610724011,4.965392346055317
59.3738631958994,331.09891094845716,34.78759872414553,17.209133453281364,0.3859346726710296,0.706875371670345,0.9496402016464072,0.8838053034023822,65.06516762570172,127.78254981862719,203.31636112982997,598.4168372652402,846.5662565823768,172.78365863210755,673.7825979502693,5.272884278069479,5.270938829069446
58.2963900467533,356.3856117657306,34.10704963867203,29.596151968684474,0.4499719862576538,0.8277926043946569,0.7062043028612872,0.8756126268372869,57.4680977056992,160.36354159987485,196.02207016585572,568.9111988293996,687.2629639466634,93.43426074519284,593.8287032014705,3.7030156435628006,3.683814136430036
55.468141438614126,376.56096843365793,41.57448019038096,26.389387603777102,0.4826082933779712,0.7162894425782318,0.9088110150397164,0.8642848301961241,62.71441583177573,181.73144632852373,194.8295221051342,655.9944766767943,915.8231821979532,150.72063742720854,765.1025447707447,4.210072391035924,4.155034388705234
51.127509933018544,822.7233080493971,32.08863285113469,29.51642197904343,0.41442459274444127,0.7870029188680446,0.7913417103876632,0.8921449879426636,48.653012110542775,340.9567718797309,481.7665361696662,1111.8879741709204,1412.8130245948282,229.1393204350972,1183.673704159731,3.471623976359267,3.517690711699306
67.29444752510106,585.245149007729,41.97820855681978,21.59610729761863,0.3361570301124759,0.7585310195334816,0.9104038649394538,0.7778347513204229,81.45222706170709,196.73427117817158,388.5108778295574,1324.1533545483371,1745.681218630623,369.2601459513912,1376.4210726792319,6.996346210735606,6.838775283497786
66.25802018260156,380.1769292404033,38.76821298857396,19.17552722493985,0.35375952300603963,0.8090855900423426,0.8386551228027862,0.7253946260753886,79.30067366922201,134.49120914598595,245.68572009441735,837.4524056183369,1035.0603396292224,196.34112402355467,838.7192156056677,6.236238196767675,6.020714263503804
69.99435346572261,649.3004049798266,40.28469299449117,26.9743979581378,0.33972891537948113,0.7266832671046414,0.92540780737159,0.735781501611923,80.24298410849427,220.58612233925433,428.71428264057226,1447.272279956531,1991.6136031629937,425.92052196531574,1565.693081197678,7.097876623397426,7.121104347355131
69.93273674147811,744.5356068008742,34.94619396346193,19.893808770617202,0.3493714055191466,0.8383286803946637,0.9315482466036566,0.7673747147961703,77.80640901603154,260.1194514070721,484.4161553938021,1609.1567208263348,1919.481891122686,407.183866963947,1512.2980241587388,5.813859809323058,5.881179089586665
61.10863411205255,345.3616006601804,32.1431527766706,19.490750605580224,0.3612830898702073,0.859002307385694,0.702274545320194,0.8500593806568355,63.81481538652047,124.7733062090306,220.5882944511498,612.1996329922949,712.6868318380615,111.88764177009294,600.7991900679685,4.815125993868111,4.645155184220312
65.37974830361021,472.19419137281636,39.3786951856153,18.48758988311747,0.4110267573506377,0.7326708899486313,0.718853043998197,0.952132825163806,74.35653405587288,194.08444731977517,278.1097440530412,975.2978742166162,1331.1541206243307,197.25683762956032,1133.8972829947704,5.842288234082722,6.004953419785398
68.89531459764856,209.69748400325278,40.34144597000676,16.94518467336353,0.4175983258927666,0.7208626174703764,0.7625896823927139,0.9103880026265152,81.34000145145497,87.56931826368356,122.12816573956923,473.799823699751,657.2678513450888,102.17013670667357,555.0977146384153,6.338952108396434,6.00226225416098
66.99294781354823,263.0344145812123,39.40476131953519,18.84694591525149,0.3852999494483722,0.7291030965574719,0.8673288540908753,0.9367121812606141,76.35757866095261,101.34714664132326,161.687267939889,557.9075278311816,765.1970351866477,142.78690052697223,622.4101346596755,6.141368112340068,6.034855885519942
54.94696203486395,713.0060685684846,33.428502873008384,20.329796227108314,0.4230841559641671,0.8754255123797003,0.9220680491278764,0.8052926871778274,58.907246390732695,301.6615707176264,411.3444978508582,1166.7006710903158,1332.7240919890853,248.13254656490147,1084.5915454241838,3.595391825495159,3.5675625720365733
59.01088270620187,263.2945129260643,39.534279222569694,25.109913122185958,0.3163149851222732,0.8056378523512713,0.8149854878234907,0.8213961224945651,66.34299680917455,83.28399993898418,180.0105129870801,485.21519530352913,602.2745752169144,117.45418910418738,484.820386112727,5.821290841793356,5.710181543639583
52.5831883030299,572.6470453003542,39.68922782107641,15.938472633291774,0.317557647411632,0.7934521992015005,0.8517432790685663,0.8181045657971838,63.65566031138077,181.84844850280274,390.79859679755145,1012.5618276098674,1276.147231841906,259.6232091758388,1016.5240226660671,5.589951583504437,5.495191762837339
69.08102054517445,738.1416355501894,38.585405156700546,18.157604094980144,0.33436589207153167,0.7213423638204708,0.7471249631988902,0.7575619553213504,82.36547601618351,246.80938644587852,491.3322491043109,1688.8163105404333,2341.213264663809,407.5095918380332,1933.7036728257756,7.834806044744197,8.274591214668824
62.1234926890176,196.18923078526944,39.661159327955865,27.135354604375145,0.403615499608069,0.8299112013513923,0.9012417084704213,0.7183649974430716,70.85145637929104,79.18501440111928,117.00421638415017,386.1192424185883,465.25368230944235,87.52366467122047,377.73001763822185,4.770220988087396,4.648453833888507
54.57285611006925,610.5809976660132,40.45921439677732,17.203828853756562,0.3427989357396627,0.873599918379018,0.9418320278383674,0.877274827848168,65.03347411300243,209.3065161827708,401.2744814832424,1103.0056529334408,1262.5981639056124,273.52996554053266,989.0681983650798,4.725453446950524,5.0715298350472855
63.43401368811713,330.9065053312274,38.13604114237458,20.139677197837823,0.3566568806985155,0.8656371738646906,0.7671497332286493,0.9967650050261758,69.06745663764917,118.02008199428224,212.88642333694514,634.8575196689048,733.3990947206487,126.68675517014508,606.7123395505037,5.140755109625303,5.208169961418997
62.36256480915792,966.6341877138218,32.88604713969679,27.969883827872103,0.3800625672345988,0.8252109417961603,0.8237064879001366,0.7500489114850788,63.3708131783597,367.3814709592462,599.2527167545757,1701.5665144841132,2061.9776451103166,368.5295731511676,1693.448071959149,4.609508660133281,4.622238528712763
57.16325436065681,535.1910820479322,36.87627809667211,17.32387966715164,0.462373224802076,0.7150557433303347,0.7215290276265934,0.7140054459697821,67.73340335621381,247.45802649181488,287.7330555561174,1006.9531509166976,1408.2162968538173,191.19305278314323,1217.023244070674,4.918099692801556,4.988365618872424
52.271151843992584,825.3932947976423,32.77649334671605,16.24105253427285,0.302772427182572,0.7224794054352025,0.8397841641157421,0.9338595045471798,55.14116583009497,249.90633124610235,575.4869635515399,1264.2541262079237,1749.882580315726,358.6073500141656,1391.2752303015604,5.5671868070099535,5.989724218659669
63.43146391185599,595.2038879406356,36.07543031032431,22.268069926200162,0.42987576404732447,0.7098617974219649,0.8256958604616701,0.7757758020054172,70.29384154019353,255.86372609241883,339.3401618482168,1162.199105083504,1637.2188351370812,269.7518222660463,1367.467012871035,5.34451300993366,5.185204887850939
60.40615401807587,139.07127956933726,36.07106489125628,19.536292669178046,0.4337753062081371,0.7514958432984938,0.7361091210387694,0.9488931416058786,65.04155180704834,60.32568687994671,78.74559268939055,251.2614398605987,334.34840937742587,48.77511594329224,285.57329343413363,4.733858961315252,4.574741949135996
65.44636783471279,669.8362380346201,32.66009844140242,23.45112546725781,0.4597311560713273,0.7271322934320755,0.8105165532795187,0.9111810001103546,65.63528668513763,307.9445880901247,361.89164994449544,1221.2470420971217,1679.538996037182,257.4126873778336,1422.1263086593483,4.618124051081363,4.51354207894925
60.403270022239866,956.2630079859913,35.488205339694794,27.05707335725213,0.4865505878120626,0.7520096080504868,0.7835261630216408,0.9837020611152414,60.136898581950895,465.2703286385152,490.9926793474761,1597.4080980256906,2124.185756305453,299.0967544469864,1825.0890018584669,3.9226421491331385,3.9264247310258074
67.0436300063708,641.450638131698,33.10998098791315,17.057227322291148,0.30402756978985795,0.7770116111437924,0.8304577188262973,0.8226781707270016,72.96782392697095,195.01867865133374,446.4319594803643,1300.1460339176915,1673.264614416539,338.48718676959544,1334.7774276469436,6.844356842522453,6.490003040320294
61.03813677548971,837.2699734841112,40.08235210009222,23.710486268314277,0.33075674110264325,0.8885965568142271,0.8464135838571998,0.8985909518351902,68.38820342238455,276.9326878527012,560.33728563141,1590.5385907246089,1789.944580054379,354.8740631024904,1435.0705169518885,5.1820192411348485,5.185492112174289
61.21875943070773,895.785817013567,41.47688025964471,22.58263140584796,0.47723425881119863,0.8220752119563384,0.7021238946518024,0.8394564342439812,71.76278308997054,427.49968043605367,468.28613657751333,1785.6689800393513,2172.1479422666143,279.0476166735851,1893.1003255930293,4.42830816542845,4.653294623411462
67.5330720531669,305.2717947540392,32.723164752579386,17.161181790197993,0.3917037124374031,0.8669947571365925,0.8902514957373888,0.889176609192563,71.62163049550804,119.57609530758612,185.6956994464531,607.3351023492879,700.5060842064631,132.77240867056827,567.7336755358949,4.74788605595049,4.769452007111947
58.06965732424794,290.84035591740394,41.55115207291701,24.359977282934736,0.4129181277866927,0.8420703001424664,0.8782535729654352,0.8348796718023211,67.277939596319,120.09325525022977,170.74710066717415,543.5316638217505,645.4706498136707,116.4831588177974,528.9874909958733,4.40480599758629,4.366129317633272
52.68030456901281,649.8828899658926,37.22576599336745,19.104606267911574,0.4326054407446295,0.7225006261053263,0.7915715965516306,0.7565896739272224,61.16943626165644,281.1428740460885,368.7400159198041,1104.2491670919378,1528.3712251495822,240.2549068558558,1288.1163182937264,4.5817142713087655,4.4967472348179935
50.57565352626678,469.9256228260342,34.99565677953874,22.317514778160188,0.4358133208991275,0.8471840812747897,0.7132339838922045,0.8523692248010142,53.94551247456769,204.7998462594048,265.1257765666294,704.1771818966895,831.1973719301803,117.06499791934095,714.1323740108394,3.4869771001014365,3.580969792239769
65.10274511347238,855.8751725800483,32.768620752761635,16.23408486415593,0.48634808066330165,0.7550197763118248,0.8887331349462626,0.8585752604312327,70.19329182737864,416.25324747167855,439.6219251083698,1668.7971043533166,2210.2693952007157,353.145390769434,1857.1240044312817,4.461524362179634,4.350990171072996
62.4061910270693,910.02081105821,37.006242680704176,21.893760858204345,0.49938988348233393,0.8278215693989412,0.9387937901195331,0.9431811544780483,67.00467404353826,454.45518680085854,455.5656242573515,1693.7679949386581,2046.054436789388,336.55423399980623,1709.5002027895819,3.7616474680894814,3.9700121842838683
64.08159536198447,418.0792413724463,39.945155444907485,19.596952020642306,0.44403149218618804,0.7681923947285977,0.7600378990055034,0.9206562117380743,73.51965895288087,185.64034939867682,232.43889197376947,853.8067566939282,1111.449114249013,164.37776431468555,947.0713499343275,5.101646021471439,5.397545533421439
54.25928323017821,313.18350307703383,39.07086477266698,27.335718167780314,0.3574442418410302,0.8995344526529319,0.7808811534342595,0.8991374871824332,58.20625159629118,111.9456398144883,201.23786326254555,506.36771599749073,562.9219809247962,98.85804386553222,464.063937059264,4.1454400352554295,4.177370386451121
52.727429511735394,802.4729637194756,32.50226011463974,15.854680904960524,0.47595048045886873,0.7527102958993556,0.7459532223704537,0.7340161286657717,58.81112966627485,381.93739263753673,420.5355710819389,1310.9539311940541,1741.644744778861,238.29313973383617,1503.3516050450248,3.936120510912436,3.934760767681533
50.290893313357635,347.32543199332247,32.72901835367904,21.27910912377495,0.3098441829081523,0.7558260941548539,0.8442340308362098,0.9161848871991145,51.28159219291331,107.61676467919202,239.70866731413045,494.76114338080583,654.596536434794,133.4909287805355,521.1056076542584,4.8422344716242485,4.991955365183796
57.01175117613194,840.3528866623105,36.02873282632637,21.876471361971568,0.34621617057489923,0.8861344511124797,0.7387103486618637,0.8500915469063544,62.00669018130283,290.94375835178744,549.4091283105231,1447.430585728705,1633.4209598910834,276.105162014392,1357.3157978766912,4.665217104384575,4.818441285337941
61.79835373709266,481.3644282838865,34.952904940479435,25.87509114448678,0.47947714349274295,0.7049288809272645,0.7890484858653448,0.9682298608318478,61.90683593405382,230.80324105257523,250.5611872313113,827.7707968405605,1174.261431524425,168.80151352721768,1005.4599179972073,4.356350948157488,4.251015462903254
57.84488090199464,700.7949093623234,34.32384323056048,23.614313626353166,0.351238302887871,0.8393377975746394,0.8742532534835656,0.9759612802391628,58.310434618511685,246.14601463688186,454.64889472544155,1135.1015484265995,1352.3774953381137,268.46547196255,1083.9120233755636,4.403532695723578,4.333971613377521
58.74949844047458,185.98178245120135,34.81004498908714,25.008185057912716,0.34413021192434967,0.8450652781471757,0.840028995752337,0.7165469771805356,63.55952200660833,64.00195020900021,121.97983224220114,328.35869984820494,388.5601601903922,74.92697805265809,313.63318213773414,4.900369146776871,4.705969429669624
68.08317388987497,661.4733922089157,40.03482743296885,26.65573928477634,0.3276250586280494,0.8672757154820798,0.7966156410819838,0.9461924681063436,73.42140729744975,216.71525890334073,444.758133305575,1349.064092938792,1555.5192758843796,291.6109248525814,1263.9083510317982,5.8321151792801365,5.903686594365217
56.96510934046601,506.5909108635062,41.29228053631854,27.933044604872833,0.4718223515293833,0.8948878621276951,0.8050624004518854,0.7113092171268012,66.15146166585248,239.0209148270317,267.56999603647455,930.8813672293479,1040.2212462867406,154.81153856627805,885.4097077204625,3.7043189645608723,3.7784010338907055
60.279789783196215,627.9476168579267,36.051026945275666,19.708132450837056,0.40001165183821735,0.8951203838313305,0.8405277206558073,0.8101508877085067,67.45728075379549,251.18636348721128,376.76125337071545,1176.6566302517213,1314.523332845296,232.02308723482415,1082.500245610472,4.309550210378301,4.135023040879098
65.67306025482286,251.21278697037707,41.06111002132497,23.070340580458545,0.4349786406108309,0.7130553515132927,0.7014661819717902,0.8626899926863237,75.74660403268524,109.27219658043288,141.9405903899442,528.5698750720129,741.2746765734909,102.82975767276038,638.4449189007305,5.842702342226508,5.762914591006058
57.9308556464254,763.1863704497639,35.21495701247882,27.601621176587997,0.34781327681500596,0.8643678645505806,0.7196274671134024,0.7444302395881381,61.2712371189393,265.44635232668344,497.74001812308046,1298.927029715837,1502.7479421521543,246.85042035229986,1255.8975217998545,4.731266829593605,4.540040296454825
62.44173400455747,876.5173697889057,36.76436986343791,29.841766964475845,0.4516080842022433,0.8292619867314763,0.9203145169407528,0.9238941437707231,63.01835408745609,395.842330140357,480.67503964854876,1534.352277032304,1850.262403899557,326.83509579807384,1523.4273081014833,3.8485709892656237,3.7447981430197674
67.2472741749349,295.0658200816981,34.260289978159996,28.342789665656447,0.4520011089924197,0.8294684268746182,0.7194697472728226,0.7025064112516415,70.49910680264172,133.37007790268532,161.6957421790128,577.8299101041306,696.6267688830004,96.1303270702808,600.4964418127196,4.50248250024175,4.576910840371856
68.99041247315284,186.14309996814555,38.40476042175844,20.572008939365652,0.36251960498166,0.7256699853229389,0.8767008990526263,0.750579714530211,80.70071050185908,67.48052307051378,118.66257689763177,417.2744561791091,575.0195882683681,112.47835825200121,462.5412300163669,6.85444049586033,6.703612220435523
52.94146961858076,121.27472744170277,41.78981115174809,17.927497758279756,0.38213652660205655,0.8300374332891307,0.9300095410272631,0.8742390489560427,63.95925549819004,46.34350310918341,74.93122433251935,215.46225771992295,259.58137437985886,52.20612963203841,207.37524474782043,4.474742538544244,4.434358977479564
68.53175250322988,677.7743503989394,38.03493096043378,22.34088806109883,0.34193805548604017,0.8964965161202496,0.7676709010754328,0.9143162686111876,75.05681969748525,231.75684343372737,446.0175069652121,1413.0996448187052,1576.2466662270467,278.69814662356623,1297.5485196034806,5.598749535844988,5.325422212399384
59.842325861590766,646.3846324799027,35.578140841135486,26.124621777540632,0.49531220466458087,0.8823637139078894,0.7926228592648785,0.9749929308081748,60.26697980578056,320.1621973749255,326.22243510497725,1082.1013775675883,1226.3665884163383,171.70294732939257,1054.6636410869457,3.294154181019327,3.3126334184545523
55.16488776597917,592.027671442663,38.47817445990528,22.38853606129946,0.4291205154116823,0.7878261321609701,0.8422303514611791,0.9116489955803871,60.826189181044754,254.05121950745362,337.9764519352093,1000.2996428773563,1269.6959418362796,213.66977867893496,1056.0261631573446,4.156745105198607,4.151224118031953
59.182715124765224,308.7523865043779,33.229206784653876,22.247712949705026,0.48690877614310313,0.7079895946572188,0.9204272424096461,0.9015337810764598,60.61848320048479,150.334246644109,158.41813986026892,519.8917042895895,734.3211089723726,121.37747751380753,612.943631458565,4.077205594475129,3.9880420925037408
69.60065150570955,451.8153963149632,40.886590802653984,27.57345631622701,0.36067710872582665,0.772458698000041,0.935476396815105,0.8183023439051993,78.23074546228307,162.95947082069443,288.8559254942688,981.8293129182342,1271.0444137146374,266.06139243543197,1004.9830212792053,6.167073421495066,6.132103469949461
59.85236187985739,635.0287016675558,37.03083950779836,20.421056686007795,0.45637818259937796,0.8652780623201111,0.8848908120278169,0.7003853276580404,69.68164297528199,289.81324476548167,345.2154569020741,1229.162313018208,1420.5402477469459,239.1707972605342,1181.3694504864116,4.076312838781338,4.0983609888662205
56.57503220575016,547.0901729732525,36.49349742039642,27.896920122174684,0.4531717287769484,0.8402998202930332,0.7216549402136735,0.7360477776206865,60.97607565962245,247.92579948316856,299.1643734900839,926.6503272181384,1102.7615439629544,152.31062694662614,950.4509170163283,3.8336103745461694,3.7398937648597865
62.668017086334515,989.0069681933986,37.858647884535195,21.102072014275855,0.4383311303733083,0.7918687311187913,0.8672885388837126,0.8603663634268117,70.216310438937,433.512542315291,555.4944258781077,1929.0116751372104,2436.0245572669696,415.3303495089508,2020.6942077580188,4.6612127920589215,4.4547775764227655
54.802912375563864,222.79577730105981,38.247838627894026,19.92349658517509,0.4931277950533601,0.7110203070317662,0.8025759304681654,0.9025389657533259,61.555515261230326,109.86679040767108,112.92898689338874,380.95302416091835,535.783606169069,76.28551333838924,459.49809283067975,4.182320163587821,4.408864874288363
51.517266562173276,725.6300986428344,32.71775806226513,21.809848667995485,0.37871106722126313,0.7853789455646605,0.8176752498727653,0.8252344851689387,53.69855689754233,274.80414906489824,450.8259495779361,1082.3691427372635,1378.1489163286358,245.0409469302547,1133.107969398381,4.1233291900945215,4.044993435235862
52.577594438212984,463.8868912938629,38.82617221223403,26.436704380123025,0.32614346471795147,0.7938049879435767,0.7122870975862943,0.919203703458517,56.28824439239142,151.29367796382016,312.5932133300428,725.3160752104351,913.7207327072002,153.49846821078958,760.2222644964106,5.024811840969373,5.010225801602566
52.56091677915545,485.3796534330533,34.4193168031553,16.890030417959913,0.4343417718488122,0.8857111065788272,0.7477655348365895,0.8565586885996537,57.871123775701314,210.82065869147476,274.55899474157854,780.2629445008678,880.9451961314265,130.41768565326208,750.5275104781645,3.560028296735962,3.6679868385400836
53.03805387024589,745.8379890923586,39.1395263250659,17.94628823808026,0.4458619600954412,0.8282172207164319,0.8976284018834119,0.7222528586782936,64.46872855301255,332.54078773036133,413.2972013619973,1335.645190647778,1612.674980957781,280.75625617104856,1331.9187247867324,4.005279273791552,4.42932482175683
52.7765434529882,723.1925361919327,40.22534794384197,29.271672384946378,0.4150121146917629,0.7623305833309297,0.8134897082619649,0.7576048752903846,58.96547662416526,300.1336637743133,423.05887241761945,1184.5386829887834,1553.838595603834,258.8051320933794,1295.0334635104546,4.314855745353045,4.153762360103535
62.81749489606429,992.1303943319695,40.0395850755252,17.63237441072036,0.34136357862667926,0.8050636528901443,0.7754155604077871,0.9519994669731828,72.57883088664438,338.6771818734596,653.4532124585098,2000.212891881106,2484.540054317975,444.1138339634773,2040.4262203544977,6.024693512174271,6.105995645058398
53.637601687982894,215.5548605087127,37.52500967407889,23.51590976896582,0.40089118833387105,0.7132110615644319,0.7960047684912395,0.9174738239873319,57.72468954848589,86.41404418047965,129.14081632823303,345.6343723203506,484.6172345703668,80.8887782735965,403.72845629677033,4.67202362909396,4.572852599222555
56.91334566647726,193.6986844457497,37.201698923107514,23.689716999929068,0.3624379473138259,0.8945136471299474,0.91359987833142,0.9684285961037484,59.97190926506277,70.20375358790602,123.49493085784368,322.67999800951463,360.7323365549932,73.5413524549557,287.1909841000375,4.090820923705023,4.024698084161468
67.93576819812023,751.904935415867,33.42875961339412,22.344366930753672,0.38549330563333783,0.7720119803861452,0.8872497543512392,0.7352671747362809,73.12411029348725,289.854319075484,462.05061634038304,1527.288317432424,1978.3220419306247,377.51789290037834,1600.8041490302462,5.5227886689291115,5.403461305263827
59.479232805257446,620.5482253057681,39.75346150403136,24.67117872865228,0.4290437151689328,0.7955734709826272,0.7680788492952706,0.9970667603845222,63.944056457674,266.2423160266747,354.30590927909344,1102.2325209350402,1385.456606004789,212.65208048072068,1172.8045255240681,4.405026755425931,4.2562705479097405
63.35115477042054,346.74459990382525,34.71409380446714,18.447400886964274,0.4490429485381669,0.7710567948473845,0.7293754600530933,0.7628220141849801,71.10974267170215,155.70321753050067,191.04138237332458,684.9144242212037,888.2801225515028,124.93579401787933,763.3443285336235,4.902559758497555,4.896486757437783
53.4463974240326,171.47743209008794,36.96695422817947,23.289934016651223,0.3464449381802686,0.83650234602324,0.7629995554110178,0.7035339628859926,60.7367552858556,59.40748835976173,112.06994373032622,289.3050786084054,345.85088730924826,60.361970133400696,285.4889171758476,4.8056049002943,4.593028580143017
53.845780376173416,177.09242463678748,34.842740929275166,20.582598828703457,0.38106507212939067,0.8324464316659186,0.9301891127636834,0.9992268817160663,55.630042563707285,67.48373756778611,109.60868706900138,273.6571977848504,328.73850781869385,66.24221829708267,262.4962895216112,3.889771061627088,4.000257001821511
50.81737232532958,904.7717871977064,33.33828362999693,24.925008894437838,0.35383231419832584,0.8430644621058272,0.8453972094624388,0.784322165633534,52.788458804343946,320.13749528551966,584.6342919121868,1326.7085615505216,1573.6739255224165,300.8768951950674,1272.7970303273491,3.9757824343324266,3.982342825539973
53.37870126144329,272.6805922468686,38.295576968917366,17.118353150597244,0.3397263227723738,0.7536286459223841,0.8333700521861956,0.900405835753768,61.32871503362603,92.63677489542174,180.04381735144688,464.53195380857176,616.3937057355616,118.71022090920589,497.68348482635577,5.372418085454658,5.440503004104986
55.57180678063917,391.03440590396866,32.54332034822904,23.563161252592145,0.45667744399916765,0.7631336962328131,0.8490983999231153,0.7530046942528915,58.150857214540515,178.57659300395744,212.45781290001122,631.6384973248433,827.6904826020763,133.64470704208003,694.0457755599962,3.8865439410898346,3.8321880653348943
53.54020968553493,303.9907620042892,39.486452341262,17.779055330749856,0.4818505388873985,0.7250502462192415,0.7915070664366288,0.8740685596597425,62.7278743318041,146.47811248855766,157.51264951573154,529.6859532509562,730.5506839187931,104.86444033552515,625.6862435832679,4.271534039818708,4.224478316682483
51.77405067514111,419.4966752487436,35.17586795261116,19.179645946725547,0.3740464371369153,0.8311019943692225,0.9017767550798781,0.9712104959363678,54.79695824798276,156.91123676757417,262.58543848116943,638.531716632583,768.2952525185628,151.78796764975115,616.5072848688117,3.929019346026934,3.962914670425579
52.412717422012015,162.48145847148402,32.00134693004485,18.280647004853748,0.4502557848747534,0.7079594254671304,0.8308215623250624,0.7960543502285315,55.973102601285895,73.15821661167269,89.32324185981133,252.627537384193,356.8390055934387,57.043845125723784,299.7951604677149,4.097901429979382,3.954796487446255
59.21557536065451,567.1538118174433,37.111291392372294,17.742566698032256,0.47939905787288223,0.8195364671046919,0.7291869756921988,0.9010761928133078,66.55606535173933,271.89300305429623,295.26080876314705,1048.5423934391617,1279.433479200158,169.99244007414276,1109.4410391260153,4.080432474036352,4.036609800217115
54.12667436811585,160.8513072329934,32.46851908527603,27.385664273410004,0.4692248421060463,0.8739391769703267,0.7322662812072657,0.756371076639525,54.81075811557382,75.47542923895247,85.37587799404093,244.89950259226254,280.22488182902197,38.120129189629274,242.1047526393927,3.207729390619268,3.1250071646280255
57.28539722096151,820.3208570401254,34.76169557820899,19.285613514913354,0.33656267770784515,0.8781664296579267,0.8342147866256545,0.8874386196156175,61.705711965513835,276.08938422501905,544.2314728151064,1406.0689589950396,1601.141778492657,310.15273633041085,1290.9890421622463,4.6759821852116605,4.551053668420799
60.068345417097134,310.3408737193897,39.069764874557166,28.90685672796674,0.4912583763026723,0.7898075520739923,0.9341425545177098,0.800935105545253,65.43054353765316,152.45755372374006,157.88331999564966,564.049223594718,714.1603319866402,118.78844477106993,595.3718872155703,3.9051648978601015,3.657986910736476
63.80789657258731,586.0107231440595,32.62689621621866,29.54889788017786,0.3753352880858925,0.7918607376426148,0.7770880304190496,0.7633624775763854,63.506747532193536,219.95050359269777,366.06021955136174,1033.7676401629985,1305.491724770375,221.79888569324942,1083.6928390771254,4.926985032432103,5.124950294229293
50.78624279682198,892.0711788053125,40.39338492356002,23.56890704905646,0.36784813223476726,0.7153938366016034,0.9173852922148045,0.7939546152110906,58.95546668525662,328.1467169440013,563.9244618613111,1460.9020184148387,2042.0947786672118,414.49294013706344,1627.6018385301484,4.959982088767632,4.857825491201005
65.98820797818085,685.7896321424747,32.03819922658583,17.145016839985896,0.3124862654555561,0.8341530050886071,0.8910238966447198,0.7536523205523398,71.97200773126175,214.29984103634152,471.4897911061332,1371.0460196271486,1643.638530657227,352.40745582401695,1291.23107483321,6.025347795821461,6.235640156312196
62.558007789818156,579.6620078962018,34.46823869201902,20.618223650693718,0.3972347308209766,0.8642518840745691,0.7619531107267267,0.9705748323513648,64.80148162565968,230.26188167379453,349.40012622240727,1043.4154709382976,1207.304826480737,194.0713595562718,1013.2334669244651,4.400352587928054,4.541444479650203
51.63518063897744,391.90037780383807,39.40904056152071,26.96598395022321,0.32180272312818575,0.7489310109209426,0.7090851870790605,0.8191560658951387,57.12395345963314,126.11460877223989,265.7857690315982,621.8583039577526,830.3278872016106,139.75653456951343,690.5713526320972,5.4757443198293805,5.264490152181582
67.47157248213554,399.70172175237815,35.16270149729307,20.510860930456058,0.3497079641854852,0.7842601763266729,0.7254618162855957,0.7735837914923102,74.82443978873971,139.77887539545745,259.9228463569207,830.7627059087891,1059.2947735787445,174.9072726964449,884.3875008822996,6.32704690447839,6.120454036294489
68.41744801063626,702.5382596783711,33.01892388066013,16.30525827454183,0.36338852435345625,0.8677678673530541,0.88212348346186,0.8345223523047798,74.5266717127259,255.29434148636852,447.2439181920026,1454.3843956855483,1676.0062804835654,329.41815683560844,1346.588123647957,5.274649315797147,5.679821971277007
51.22155919709728,994.7254250990508,35.60233918800428,23.35177366392282,0.4617652646983368,0.8754240935324576,0.7499174345101616,0.7961608500419486,55.56811368225371,459.32964922302875,535.3957758760221,1535.4170973481166,1753.9123136907228,247.77705898366173,1506.135254707061,3.2789854895165997,3.451223312220519
55.537552962944076,695.6552708644408,34.70393286384525,27.67681277244052,0.4750977300791793,0.7486359960528451,0.7928177301263484,0.9233257761439978,55.35146395734195,330.5042401053125,365.15103075912833,1069.5982681107791,1428.7294142282703,208.098924195258,1220.6304900330124,3.693237005504282,3.689744845310827
66.12402559586123,602.0050756330224,40.42711902160555,26.938895807152534,0.36049326349229394,0.8101141269082728,0.8254247915016062,0.9913659735656484,70.58015841317062,217.0187743538735,384.98630127914896,1180.2670445475412,1456.9145325880484,269.1688209027406,1187.7457116853077,5.473009029848058,5.515267189911924
64.96519380767316,757.5854592153215,35.133479175851434,17.6268471019553,0.4717396242489148,0.7384986301271654,0.8813670421125407,0.831410097009294,72.42144482944477,357.38307986667735,400.2023793486442,1524.0398205042218,2063.7002674490955,336.294300666914,1727.4059667821814,4.833485590382719,4.7420099804310185
53.690420387127546,518.6850510553463,39.889324717760076,25.091469216187,0.4714461874739582,0.7203757528279112,0.7283078058147813,0.9583100199916721,58.30612582287794,244.5320898197784,274.1529612355679,840.0698847021913,1166.1551369606877,157.11894289210312,1009.0361940685846,4.126395823191346,4.179917576211998
54.186986466734204,154.1281083407067,40.91872144810735,18.307563951534707,0.4529301900769747,0.8822241002783915,0.8015916013193654,0.8697589220678859,64.5850584392299,69.80927340696083,84.31883493374586,276.51035789756935,313.42417171591063,48.105688890365755,265.3184828255449,3.800619457515933,3.7188473929220103
57.40944205582764,606.0671342901188,36.3381741957653,18.273113018282583,0.3293390228030363,0.8641015008464219,0.8212682272856738,0.74717069952827,66.39418820152257,199.6015577601443,406.46557652997456,1117.7593160226554,1293.550948502885,249.36737975687092,1044.183568746014,5.231339777421882,4.912381784752864
59.69045970382042,961.8627560548422,41.09943143854392,28.11107659957778,0.4380645693801458,0.8520069803606348,0.8352067659928849,0.9071868226244024,65.29902303315359,421.3579940339647,540.5047620208775,1744.6860628432703,2047.736817959854,336.3741418527654,1711.3626761070886,4.06154078085235,3.9005141992197685
62.36509543060592,257.77264812189367,35.77318053963193,18.74503429110345,0.48900481291611375,0.709753263762628,0.9045901603488041,0.854030349137746,69.14625478358714,126.05206556973783,131.72058255215583,495.1114778687893,697.5825306445872,112.8579895713607,584.7245410732265,4.638754140444687,4.641689462587445
57.378272791395446,721.0044017385992,41.64078416490108,18.94871019777017,0.4365080957534314,0.8687457585420515,0.7429195487608042,0.895181956975631,68.2282737238282,314.724258432758,406.2801433058412,1366.469046608504,1572.9216898874336,230.4648051978683,1342.4568846895652,4.265501780430395,4.1207647012257125
59.25069432266296,280.8403197931508,32.89289524525573,15.009800861419492,0.36632336982156677,0.7876088151810767,0.9019578629566556,0.9669062237714995,62.57890691296322,102.87837232839345,177.96194746475734,488.18556193728915,619.8325266649687,123.99276559570535,495.8397610692633,4.819669575316719,4.809941920794273
64.94941876267512,582.2449160257731,38.87019266503243,28.060035511882766,0.40011586348616623,0.768479024659172,0.873219606924163,0.8321303711968138,70.41371202843047,232.96542733608257,349.27948868969054,1138.8340513071244,1481.9325118368827,271.6985536467022,1210.2339581901806,5.194907982823832,5.027425026446446
50.73366405781196,187.00880468204764,36.93814040456929,26.88892219813702,0.4291450086702107,0.8092952722050752,0.8389677035497398,0.9703532869652067,51.876981799064005,80.25389510668307,106.75490957536456,269.48478768764727,332.98697884813527,55.81698075530055,277.1699980928347,3.453664120905125,3.3726044907452892
55.048738886880415,505.3338426323666,35.87648805455647,24.40993402636017,0.40211408174570074,0.7182706485447111,0.874881967600643,0.9252007042844965,57.29318843739568,203.20185410514054,302.1319885272261,804.2274186035952,1119.6718399019105,204.98712770723193,914.6847121946786,4.501360069881071,4.6165721971799565
64.26699171769104,780.5469960057214,38.32711878748601,26.253986459082633,0.32399058834619393,0.8513293098704797,0.803004434737914,0.8465814777633954,69.8718451307783,252.889880467748,527.6571155379735,1514.9516339501663,1779.5130701897829,338.0959065694639,1441.417163620319,5.699781900937505,5.7420994553257
67.90413675374398,412.81437181508386,39.03857091634331,17.28072851136738,0.3624128089304041,0.8164870153776591,0.7345993964920311,0.8809666406973891,79.19563153128736,149.6092160563448,263.20515575873907,908.1415244746455,1112.2547050605483,182.33181149513325,929.922893565415,6.215679207992066,6.213877079713626
60.233548842313326,698.4205520384962,32.04363269650309,21.87485391881363,0.4604792061107265,0.7373180193746335,0.8664413100663417,0.7976743397557033,62.58285094255016,321.6081413341021,376.81241070439415,1214.1430362066335,1646.7019716084326,269.4203449457664,1377.2816266626662,4.282483711231301,4.395408178154327
60.64226970530631,815.9049647107563,33.669530887471986,20.26829081023171,0.4722836092191035,0.7376464399538091,0.8311680766714056,0.9950791899216322,61.77280760652955,385.33854151338124,430.56642319737506,1400.020566952495,1897.9561089458568,291.3692039220891,1606.5869050237677,4.169286826887462,4.229400679201422
52.14344022679552,934.4600375315074,39.130460506343184,16.406647893855247,0.327460006543114,0.7368497303145348,0.8598437001356938,0.9002053489151187,60.95265926262706,305.99829000434596,628.4617475271614,1582.1617850611017,2147.197345632105,434.5879046095462,1712.6094410225592,5.5967941552818345,5.839677664493462
58.948247336469095,311.1778736699082,38.66385413578207,22.29195727822386,0.49047735047974494,0.7114004775103867,0.7844996952571225,0.7131540557489889,69.0026163732267,152.62569900553737,158.55217466437082,596.446873352252,838.412247683013,117.29565687639305,721.1165908066199,4.724738988946136,4.659557539363486
60.65234532910046,459.38432422837735,41.660475051286774,28.81109475513953,0.3657645235697219,0.8175596898743369,0.9267166443349589,0.7979865717244026,68.59772870558857,168.0264884867911,291.35783574158626,875.3533679171769,1070.6904691591672,220.256876102379,850.4335930567881,5.06130670655325,4.996071274607516
54.849410072694596,237.1744119973757,39.61037790250783,15.600886785760418,0.432462747746144,0.8680696355177017,0.8468424671438942,0.8869943301277172,65.18963415793206,102.56909790746111,134.6053140899146,429.48092082587704,494.7539958240125,83.22510595094869,411.5288898730638,4.01221126312673,3.8556015055315123
55.38486461898762,993.2351519425376,41.507727077313376,19.371913702406907,0.45036502919133625,0.7034996427974777,0.7213506210727184,0.7168999833397719,68.92388707886425,447.31837819846226,545.9167737440754,1901.6007626457235,2703.058604385323,375.0975894481146,2327.9610149372083,5.204259713881819,5.137283901918217
57.54568326209245,934.3008711318657,39.02540501534807,18.113114043085552,0.46238924692757666,0.7098009289942546,0.8124509976761072,0.7071652573957428,70.0382853141433,432.01067620644227,502.29019492542346,1817.6897494885065,2560.84442163814,391.4861138310465,2169.3583078070933,5.02153865005511,5.166877529434589
50.40142395555453,585.9614172525037,34.98052208639443,18.572199804985445,0.489149940445186,0.8145540553373891,0.8890890136859085,0.8350072718583408,55.599984004659696,286.62299235223895,299.3384249002647,904.9845951829703,1111.018463726296,176.61517375009473,934.4032899762012,3.260043035305022,3.3871834786728514
56.441583311663564,857.8299649387792,33.05364922250857,28.62651827819063,0.36258390960576453,0.8638991370772104,0.898533640433068,0.7998070539078009,56.39939601973813,311.03534246447845,546.7946224743007,1343.91921972723,1555.6436649237191,311.84266462583423,1243.801000297885,3.9989056884747183,4.114110782454722
54.22896013993089,568.862179544838,39.818238633449354,22.021035813514352,0.4717012909103109,0.7653477781137267,0.8236492631909397,0.8314895824099497,62.543686888848214,268.33302444135313,300.52915510348487,988.2982788988919,1291.3061318798732,196.66139768977382,1094.6447341900994,4.079426065684825,3.8598478736675808
56.54994704355829,661.2271192024838,38.44149221475916,21.994491194097282,0.3263373806872414,0.7699228797615444,0.9236868927078252,0.7788079929640015,64.94018783070699,215.7831261199089,445.4439930825749,1192.7837033268495,1549.224908988639,337.4036263373507,1211.8212826512884,5.615922358905345,5.798408141437027
52.39524263638502,180.21198890441497,32.48186012393296,26.408634636829234,0.4410081812707185,0.8192692994993551,0.7669171092985744,0.7494153240828942,53.595365783211605,79.47496146991494,100.73702743450002,268.2924295514498,327.4777044805656,49.13643683985463,278.34126764071095,3.502251054831607,3.309082441201142
67.8105456147979,779.7433784471272,35.600504659009786,17.317383060073887,0.4483955459027972,0.7548425778248293,0.8026496743095666,0.9067430070941013,74.65847559579922,349.63345784289095,430.1099206042362,1617.0681108550243,2142.2587415707294,331.96612283111165,1810.2926187396179,5.177687026603385,5.317192139127666
61.87184907108097,214.94213527171132,41.56799815484286,22.30898031150076,0.43554464824026407,0.7053216732155367,0.9246492276422424,0.8543713348803401,72.4640051609831,93.61689669892877,121.32523857278255,432.65466665672267,613.4146774255004,112.05437406185382,501.36030336364655,5.355446730690267,5.296357217477564
63.58204638288979,843.4608672272756,37.00401145710201,21.449778211815897,0.3504629472270306,0.8470457036203192,0.9240641791178947,0.76004626337481,72.20197486104543,295.60178139913813,547.8590858281375,1691.6538981060926,1997.1223404780549,419.5452224748829,1577.577118003172,5.336832242810603,5.449311316054127
65.78342477214676,803.8252789033473,36.327291360197044,23.95366035819984,0.47460862940304066,0.8251299825882906,0.8714281922061702,0.7958768278779995,71.79771955688221,381.50241389983455,422.3228650035128,1603.13394298431,1942.886547348037,311.3364914524307,1631.5500558956064,4.2766441219005715,4.1056919000577885
59.96884397858115,737.8702279686788,36.57699605159294,29.99336554875658,0.33377169267407897,0.8161511998111318,0.914745136780555,0.8775423722989978,61.10028363321274,246.28019496291446,491.5900330057643,1252.3355614830448,1534.4406303303258,327.29647252930295,1207.1441578010229,4.90150723643368,5.073721835237263
51.738405761748474,132.5443424722859,34.088827240051636,26.54173341123071,0.31072695830416613,0.8483368257983647,0.7221933167390582,0.7216688044817433,54.61037594780443,41.185100376839095,91.3592420954468,201.06378811572432,237.00938353879005,41.29318131866209,195.71620222012797,4.7521118178503015,4.543260103735783
60.742130836370954,372.81552035079574,35.68707170864795,20.967985545261406,0.4434929981223824,0.8350461675124075,0.916248744051944,0.7442359027798539,68.20825749741635,165.34107286693046,207.47444748386528,706.363805864454,845.8979076195311,150.96282710070528,694.9350805188258,4.203039622696306,4.1187533484072505
61.736822360417584,336.8013129197586,35.698132559871766,27.413295784110705,0.39509514304654675,0.7411763976356642,0.7801549766375566,0.721973681232217,66.2817403979705,133.06856290629676,203.7327500134618,620.1049219067518,836.649580160502,138.19094815615838,698.4586320043436,5.248862817404731,5.091696964006283
64.9087894836866,424.1227667243672,32.52355020187473,17.5606254496872,0.4698196039917352,0.7704962093886703,0.744582878107054,0.9436951998142357,67.33568949675175,199.26119030632128,224.8615764180459,793.2944146848686,1029.5889908586144,142.25536193000798,887.3336289286063,4.45311817903186,4.218757045952737
58.63319092459359,178.87847208745467,39.67567628517918,15.456955294634401,0.3766794282116518,0.7252220283357249,0.7598424590855115,0.9257227699636028,69.04060778806611,67.37984058527634,111.49863150217833,343.05217869773577,473.0305551873386,78.41375604064152,394.6167991466971,5.856600367691099,5.873208673303966
52.55160605591128,943.2620407279566,36.16504431903879,18.066725586964097,0.33365571770154256,0.7259714026835762,0.8044921270034717,0.9259938795637771,57.68873409961364,314.724773179708,628.5372675482486,1511.544251494834,2082.0988897184698,390.6518368998217,1691.447052818648,5.3743689628551445,5.665566641826746
55.67551811597449,598.4220166411387,40.221798868164235,20.106173341713895,0.46728843849397395,0.8352391492713078,0.7627980011511167,0.9148976030428084,63.97965768711641,279.6356897166526,318.7863269244861,1063.5232160314981,1273.3158125542288,181.09474388570334,1092.2210686685255,3.905871492209181,4.218369164617687
57.2616459279727,374.97187959222117,40.50348001119895,22.6587113618934,0.40978192632801436,0.8717200213964996,0.7801418965041247,0.9008156271009607,65.02883034273096,153.65669913813664,221.31518045408453,677.3328539249303,777.0073387093254,125.22160648353186,651.7857322257935,4.24183088587528,4.254194438427398
62.91834482663202,457.2833653668551,34.119940546986584,24.226937108117998,0.337839158478071,0.8925465167722278,0.7337446215179104,0.8430975746134525,65.41233921137601,154.4882273415586,302.7951380252965,830.8881836415644,930.9186334022766,158.30265274312558,772.615980659151,5.001131762299087,5.168671868092232
61.41556609337824,502.4822864543521,38.57353482170129,28.659085758216328,0.44407679971728914,0.8256694235098889,0.7740441913897496,0.8926834490521345,64.83573719534945,223.14072568327484,279.3415607710773,904.9669297186856,1096.0402601221515,165.0726434850997,930.9676166370518,4.172109836903838,4.201159566563667
57.12193451795692,640.5349000245556,36.722818041629814,22.647810143256866,0.40222272769790013,0.7368202646721913,0.8430709536355002,0.7115084664363923,64.86771540721243,257.6376946735785,382.89720535097706,1154.1676556438927,1566.4168196532673,276.2987422312224,1290.118077422045,5.007489603012468,5.082434175340053
69.7303049758596,564.111484926848,40.80156737921485,22.51913466938594,0.42086259644806395,0.721130069089786,0.810463427022766,0.8864393267970354,79.93641652446873,237.41342423248614,326.69806069436186,1252.5847395930302,1736.9747751248938,285.34915594693217,1451.6256191779617,6.114336726622767,6.051576364716215
62.11549638713774,927.4527758929756,34.157406791764544,15.753645147344733,0.3921796676413164,0.8625701943073516,0.7866796903089778,0.9333633116610631,67.18383731886615,363.7281214027235,563.7246544902521,1730.8287893479028,2006.5947105183334,335.8156017440738,1670.7791087742596,4.59348345772901,4.620365936626411
54.74453583471989,547.2671346152472,38.77813200310044,15.523673289843357,0.4657417967636013,0.8157512952719999,0.8866130322142785,0.8501075081153171,65.03088736628062,254.88517858537287,292.38195602987435,988.5907608453132,1211.8776477280157,200.91489258248805,1010.9627551455277,3.966345790510174,4.030300582435312
52.03564945240807,992.9422133409814,38.077521222527224,23.26739942874558,0.46591254313660996,0.823657004202744,0.9233774928483294,0.807253998528171,58.38374214591213,462.624231805391,530.3179815355904,1610.3245041525313,1955.0911313031804,337.4634274583617,1617.6277038448188,3.4966341852263705,3.4359543233433976
53.05718278368664,866.2824619705862,34.95301477571833,21.57267919872517,0.44187776436487725,0.8562924177509419,0.8891973057255992,0.7832280204402937,58.01601539997345,382.79095760406443,483.4915043665217,1396.06268484479,1630.3574058398865,283.1902704418798,1347.1671353980066,3.5193285228838502,3.5111466858846208
54.919154567690164,287.6594629216022,33.36600903651173,27.58770592470448,0.32108027547929247,0.8406554455464903,0.7830001755294198,0.8928406150486248,54.150646590655676,92.36177959909335,195.29768332250885,432.6929420868195,514.7090218460859,95.76572717938983,418.94329466669603,4.535894571165327,4.52794358537873
53.21362746519112,937.5356931795246,38.51639760477276,17.41019377067768,0.46777077238081377,0.8668916505712193,0.8861105419593884,0.9078403595889726,61.06479573800135,438.5517953331679,498.98389784635674,1590.289600030366,1834.4733150705506,302.8071089314622,1531.6662061390884,3.492554864529699,3.5791426323098854
53.731340481026116,204.7297580969285,39.38597458132331,15.374574931755744,0.43420259610658196,0.7112427810919757,0.7379950456185127,0.9612902799587628,62.39224336456785,88.89419246595887,115.83556563096963,354.82080253201855,498.8743815258973,72.9077412210683,425.966640304829,4.791838797207688,4.638591167635375
55.701903373876945,835.7047376420725,35.1562734376335,21.73558151895189,0.4394048332008599,0.8495041273493009,0.7325794970228227,0.8027002247382972,60.68158309169187,367.21270084878324,468.49203679328923,1408.663513259666,1658.2185629340077,238.34932468653335,1419.8692382474742,3.866612551705206,3.8606337391828576
53.467471905895096,442.5609641289221,38.44832604022314,18.562178351283862,0.37259656808077435,0.8701705514644191,0.7864067592590397,0.9309316922156756,60.35440542500971,164.89669640095505,277.66426772796706,741.9584403977817,852.6586416296576,147.24391966267422,705.4147219669834,4.277919069110579,4.523301208799706
67.9353084925285,890.1768884005626,35.95130907611503,15.744215600082562,0.47585591123140136,0.7572270084916628,0.9019255922610142,0.8684067472568013,76.9284995037464,423.5959343869832,466.5809540135794,1902.2214532658109,2512.088755332285,415.6467857319029,2096.441969600382,4.949155077784911,5.1219885042354445
51.60467491323284,881.2510210967054,39.13206883282618,25.868974302714435,0.44507432004697145,0.8280894547986506,0.7615870618105754,0.9648509472034237,54.99607215538128,392.2221990053154,489.02882209138994,1346.259576201051,1625.7417219838806,240.47723844071405,1385.2644835431665,3.531836002796959,3.674788376969494
60.49022779140509,825.332860105859,33.99215274894053,16.673894999358712,0.32251809330583886,0.7628324127673944,0.7158133522246699,0.8583436324886862,66.24445079139738,266.18478038399627,559.1480797218628,1518.7145010501622,1990.8887923896516,337.9189463494328,1652.9698460402187,6.209858593927332,6.214410142108182
58.20793653979323,811.0273926763552,40.902150026361745,24.124792500116577,0.3815556068812325,0.8915942132964908,0.7329273838015887,0.8552889485193902,66.57482991835953,309.4520490099304,501.5753436664248,1499.8336312933038,1682.19309740467,266.87352722174785,1415.3195701829222,4.573631277321108,4.6176750122376555
69.64757233817213,374.2112251882367,34.874095964655794,19.215746252503337,0.47727607239202835,0.7066847144871007,0.914686242132395,0.8733631244322727,75.49602328857338,178.6020638028505,195.60916138538622,784.7627603237971,1110.4849789957098,185.83403635727475,924.650942638435,5.177157099702437,5.332819122283175
52.24077804336105,172.82735474612696,35.67785987756153,17.60244075532533,0.3094393403394758,0.815958568766591,0.8584458211868219,0.9247946065427304,57.15610861404425,53.4795826452581,119.34777210086887,274.3927516485441,336.2827012936677,69.77298386351085,266.50971743015685,4.9833918712113885,5.216652812897701
57.95711198091483,462.6821608886453,32.5809195208035,20.696272843789764,0.4922833239284099,0.733300709409903,0.7633002908424942,0.9894071436485383,57.96072096792813,227.77071208464164,234.91144880400364,744.9275451140222,1015.8554813256291,137.78972350035679,878.0657578252723,3.8550424230968514,3.6293370624307637
69.38940866550737,256.1720634878578,33.115122123212764,27.021686643344303,0.4358325136639125,0.8424440410354317,0.8388239563320453,0.7220690062647297,71.86814465986042,111.64811436038445,144.52394912747337,511.40585879334213,607.050241776039,100.54756545799845,506.5026763180406,4.536598573291807,4.357569698587463
67.3101425178796,725.4559800122155,37.15861902712328,20.88140365356859,0.4262751955286753,0.7351780566837324,0.8318949056063376,0.7160303807173051,77.89412671658538,309.24388972715394,416.21209028506155,1569.6877787326705,2135.112391429737,356.6653147181723,1778.4470767115645,5.750953004376867,5.9768695490476205
66.3414414189856,411.489753884007,34.67592676727971,26.261544738165835,0.35411185129759826,0.7470766523796715,0.8638589946101652,0.9812651012222016,65.71997492876392,145.71339853785878,265.7763553461482,751.1971196861159,1005.5154545297587,196.36178425428017,809.1536702754786,5.553049193792889,5.506921787378236
55.1580565408988,978.0491807739234,40.354802257421944,16.88229445198726,0.3497583577478354,0.7988741622091516,0.758296888605404,0.8589626876554618,66.1432303964028,342.08087526410327,635.9683055098201,1796.9814528595173,2249.39237975887,388.19265757131865,1861.1997221875513,5.4408178204952655,5.33117650727749
53.41775174780132,676.8748696107988,32.14693388654954,26.591571294976188,0.48841164389771907,0.8829669899993756,0.9161007467985993,0.8844709043700808,52.23024338990784,330.5935677796645,346.2813018311343,982.0371995634488,1112.2014873558787,182.43804272975464,929.763444626124,2.8124063358842992,2.706590026702939
63.372864398488616,840.2325072709249,35.790940486719364,18.55399987359973,0.35965449084682455,0.7423428744295941,0.7773421405200032,0.8447270804784186,70.57259710814114,302.1933945954753,538.0391126754496,1647.1497281331738,2218.8530190968972,386.5655599291648,1832.2874591677323,6.063294208069917,5.9623373215142825
68.58751978255171,219.27220546766358,35.373455467690924,25.16089694833309,0.45510105934379985,0.7288480042236207,0.8735329134940591,0.7280972357822423,74.50179672200647,99.79101299298503,119.48119247467855,453.78259107049746,622.6025020866637,103.72277869575552,518.8797233909081,5.199663855776107,4.980908389512022
61.1352578602786,875.8130340453603,32.193276309176014,23.486723322614946,0.37862435964141583,0.8517953663708061,0.7040311615930537,0.9304268135256,60.5074566666036,331.60414918103004,544.2088848643302,1472.0338668207294,1728.154348963574,264.60416677321547,1463.5501821903586,4.4135460482171895,4.69042027413323
61.432253789398,930.4814714620549,33.2436839900051,28.93717075817531,0.3278508141569408,0.8001239064667862,0.7931642824735368,0.9241673935265761,59.24775035938391,305.05910797678297,625.422363485272,1531.359275978223,1913.9026638267194,357.12209210699297,1556.7805717197264,5.1032096109000875,5.099774734617149
55.599581873205686,538.3557269370424,36.136426749186356,20.80983776962971,0.3021430595390718,0.8823570224763543,0.787927454489702,0.7935109964478435,62.06323994109888,162.66044645713907,375.6952804799033,928.1139070710658,1051.8575626749066,202.43127640273627,849.4262862721703,5.22208259459065,5.213003919126064
65.38985866383874,645.6276439758797,36.92864584447447,15.992477832516606,0.4088514674030502,0.7293229114319684,0.8358711071457536,0.7918717735685201,76.63356821988484,263.96580963551247,381.6618343403672,1374.3541694241414,1884.42478342783,325.89881486341204,1558.525968564418,5.904272112802986,6.008437054204486
53.74087497115047,788.3288208126959,36.04289747254869,15.287332283268794,0.49515576370978653,0.8291855786046078,0.718184065444299,0.9513524142716556,59.68110307507555,390.3455593239459,397.98326148875,1306.8981558882017,1576.1226311816843,200.00977293917512,1376.1128582425092,3.5253708550594265,3.627149563426615
56.47358472808487,257.35476453437127,37.309376784120936,27.4028784145913,0.3738272387618409,0.746575829230363,0.8975328434315271,0.721707177322398,62.09107787493923,96.20622100808775,161.1485435262835,443.87318683861935,594.5453488578694,116.94927981098101,477.5960690468884,4.964295074086096,5.105165111572713
58.50872877232834,552.3094688170981,37.951316749056815,22.871034564921484,0.371438466798609,0.7313520857303278,0.7544452004418921,0.9643315445069698,62.80444129471409,205.14898229577707,347.1604865213211,963.5413225232822,1317.4794210931802,218.66908322186575,1098.8103378713145,5.356157878897424,5.528672537911955
60.1522075736891,458.7967249950818,32.099238211278355,26.62866077752424,0.3688183235698884,0.8366858830314541,0.8692594537205025,0.7769985069687743,60.58421988970142,169.2126389720412,289.5840860230406,772.106713104914,922.8155138789257,177.2093924147756,745.6061214641501,4.40632641860367,4.32293507610842
54.84819464830161,231.7365929460242,36.64095159453504,18.51638400017272,0.4041087674609717,0.8187369239817466,0.9008030308110233,0.8778954243266481,61.27858290137196,93.64678895102274,138.08980399500143,394.4580561701231,481.78852646801766,90.5151617816535,391.2733646863642,4.178182392254795,4.140846137063557
52.29673649478407,430.7809800623783,41.63499240887588,20.176256182698506,0.3881329766848587,0.8509654916724663,0.8404692390603783,0.9807982537005333,60.064567351197546,167.20030409083165,263.58067597154667,718.7409219603226,844.6181766404266,152.02231379359134,692.5958628468352,4.14231222014155,4.237879296861976
62.21240084883265,161.35507844694422,37.19032280129549,15.451558083169784,0.4759829253454029,0.7618925152892364,0.8852208016804963,0.9034367504609939,71.16839827096163,76.80226225851348,84.55281618843074,318.98284683206623,418.6717160634806,67.97335654001415,350.6983595234664,4.566250383914853,4.494004668759321
55.77261106480512,123.2307162545383,38.775422674589535,29.422384868611683,0.40110415834469804,0.789594331276438,0.8654650780537514,0.8243289437401109,59.842028680109955,49.42835272549088,73.80236352904741,204.84377934373816,259.4291413067682,47.06387140348883,212.36526990327937,4.296426204666126,4.295767996636346
61.624764428452245,221.6496602393405,35.11863857916883,25.0180186005122,0.40155156763771377,0.7810943352660837,0.7888824492880019,0.9068602626716246,63.45026154146443,89.00376853547381,132.6458917038667,390.6591364656357,500.1433486680654,82.64214288290466,417.5012057851608,4.690826160004217,4.746942104938987
53.087254305484045,966.8036004302564,39.739913781527626,28.998076316389593,0.3276743189441113,0.8968178927933028,0.9022146347583913,0.803193890894911,58.292829474084876,316.796711323699,650.0068891065574,1565.492150411451,1745.6076233441777,370.59899920162076,1375.008624142557,4.340350057288284,4.4425894007979165
59.62280203709635,594.5765823055153,39.72921481876115,18.982446111436083,0.49654790818207717,0.7584497913478776,0.7736753424713819,0.7831775249047558,71.2795490662952,295.23575819785225,299.3408241076631,1177.2541853365578,1552.1847309686814,211.60618465927732,1340.5785463094041,4.540705212987836,4.298547456601928
60.651788651031715,969.239945037898,37.21296047654139,24.171954168384914,0.34999457817376595,0.7589634476693533,0.8428032294378792,0.9990049833804039,63.09903509824761,339.2287257127032,630.0112193251948,1698.8362586269418,2238.3637365459126,429.18237217015815,1809.1813643757546,5.333219822627791,5.447576692671532
51.036470736448535,489.24809049711877,41.76013823279214,25.177499524389567,0.3146728134919205,0.7709096417657214,0.8863494347853849,0.9252370693539362,57.390828908309516,153.9530731322781,335.29501736484065,779.9542626510354,1011.7324007838296,215.09813026784687,796.6342705159827,5.1745265898752555,5.1382442493138365
56.732085563878414,380.6345197767336,33.25550214762654,19.76324550386383,0.43262924979504175,0.8129188162580643,0.7947389774531268,0.8934159932145452,59.40265297855244,164.67362673710426,215.96089303962935,628.0750080543129,772.6171365369503,121.93372370966213,650.6834128272882,3.951351687092443,4.035214113673558
52.68829353877948,555.5276765562196,32.16947664889581,27.72163852523445,0.4190732740313745,0.750464548852749,0.7756919019043562,0.8065868929657956,52.21642349618344,232.8068022294574,322.7208743267622,805.768567303066,1073.6930459071802,169.33970509585075,904.3533408113295,3.8845657951179073,3.9751070634358463
51.267499409455354,495.56051976961913,39.70158211757096,29.207421943503718,0.38302913079854917,0.8830579880758548,0.8148365025432056,0.7147482487465144,57.57430648213744,189.81411514543447,305.74640462418466,792.5431457128718,897.498416202303,157.9199035826063,739.5785126196968,3.8963304286039846,4.08427947998146
69.7992046477989,195.09821583556953,40.07155537364883,28.272826765440065,0.3844384467761356,0.7531371129732527,0.9044908735872883,0.7093170628105466,79.52089499577981,75.00325506462161,120.09496077094792,430.95513153678644,572.2133780334519,111.5068962221224,460.7064818113295,6.142486501611058,6.391893624443144
56.44707689949446,676.7436832211856,33.20207229120576,26.08600463909059,0.45701278420928626,0.879163146312039,0.9324804407864161,0.8662543766346396,56.632209428653645,309.2805148649613,367.46316835622434,1064.596944380573,1210.9208044563761,214.5917990466294,996.3290054097467,3.221441240308223,3.3515782849171196
66.1974889170927,294.4343642586397,34.65582832958606,19.16197019587431,0.33914252801992983,0.7206950127293169,0.8362708532149725,0.9286098163117154,70.40779090701402,99.85521463061593,194.57914962802374,575.8464765156085,799.0154869184429,154.5532018278554,644.4622850905876,6.453967251230496,6.733489280074667
55.092813095275275,657.6291594080466,32.17552363366629,19.224240631584475,0.46405066378897797,0.8313125404799304,0.8653665513309129,0.8612137571331565,57.49461253344478,305.1732479502916,352.45591145775495,1050.281491968351,1263.4014775742542,205.08470236442264,1058.3167752098316,3.467921196625388,3.4982355773562204
63.63005444447859,685.180983158338,34.93308610780565,29.45040480669057,0.42974942277900363,0.8813971036876488,0.9258184055597285,0.9522355215817344,62.18145838378532,294.45613201144596,390.72485114689204,1183.4875774894806,1342.740488410871,248.114230042796,1094.626258368075,3.717451054221976,3.7210404487940356
65.20455719779373,236.8223678157833,39.731418739186715,15.15426743903538,0.3837939547559049,0.7337498876796459,0.7246367128532356,0.7100279599279664,81.88590661615869,90.890993118677,145.93137469710632,538.6781748772448,734.1441326563186,114.73493249406226,619.4092001622563,6.8148578743494355,6.993301605514372
61.91277481215688,155.21466439960136,37.17960527712579,25.740749598632167,0.39160572331677374,0.893665392019851,0.7580196444665412,0.810025622927782,67.18038696305582,60.78295092157618,94.43171347802519,289.64947824183514,324.1140149638928,52.3156271193928,271.79838784450004,4.4716221197483765,4.569829801024607
59.43152377100317,802.6854274615959,35.48095593168288,25.593692438328933,0.35132944143721917,0.7905766720831023,0.8772250015628955,0.7711211173522534,63.6666788695272,282.007022879878,520.6784045817178,1419.564315095739,1795.6061255327807,357.6138337172409,1437.9922918155398,5.099136458130188,5.051857330658313
58.23681828294537,513.8203813923882,35.7173929490633,24.340343114246963,0.45042286653939495,0.8891430216882049,0.9059361154780748,0.8341818904471365,62.1177792429309,231.43644907312466,282.3839323192635,886.5939172736369,997.1330771851214,173.75903468961812,823.3740424955032,3.557667972322501,3.600874790601409
56.977365330859904,152.3474159549282,32.01353625715468,29.85163269130299,0.40257494846105357,0.8353640087260095,0.9142572570826444,0.7217129179582367,56.67992613483958,61.33125312622992,91.0161628286983,239.86223008775033,287.13498257311517,54.8916136056934,232.24336896742176,3.7867050994282847,3.7827181003359307
68.59058288495652,995.3796854527905,34.99800527565236,19.678191536455877,0.3641709085499687,0.7603173739747103,0.803776794213733,0.9862394924713218,71.80384937457917,362.48832440352476,632.8913610492657,1985.3359167991157,2611.193673531853,467.07109047176715,2144.122583060086,5.9150114326806085,5.763480745192105
66.61238815575459,152.00250489673,38.4645874163793,20.099577956898724,0.41921002315219,0.7376605049834213,0.7223349755729667,0.7669766203208083,77.91201775328908,63.72097359694906,88.28153129978094,328.96727389051216,445.96026446868757,65.48200451884708,380.4782599498405,5.971005125509533,6.2021655565403435
69.30053821333026,725.5317059726979,41.74194443816357,16.184091044198333,0.4991468904102646,0.7607470092450198,0.809445369324905,0.9766923326450754,82.26190433525174,362.14689493032654,363.3848110423713,1657.8783274699463,2179.2768257022226,309.2276801457065,1870.0491455565161,5.16378621972251,5.17233733235999
52.485944469710894,985.3110327370722,40.47060826983899,21.641972048156063,0.38705245593131077,0.718603481852535,0.7576836475517634,0.8277679465110045,61.33189139514977,381.36705507709996,603.9439776599722,1678.6385902853604,2335.9733603821232,379.7057323899174,1956.267627992206,5.129618832955334,5.4448916068130275
64.61734950407289,315.26209379433305,32.23594964645529,18.91572789352272,0.4841382801557239,0.7287735932686659,0.772799113749156,0.9956572399765654,65.03768213635433,152.63044788788093,162.63164590645212,569.5532179399266,781.5228531887243,109.04597590125964,672.4768772874646,4.405915638676837,4.191062184262185
68.76680913642076,228.02443181847656,40.985606046748394,20.15080053266466,0.36900336798491323,0.7209320880692962,0.8930668892093764,0.8662175150380632,80.97262230851281,84.14178332386406,143.8826484946125,512.8815609652981,711.4145277384293,140.31425773866738,571.100269999762,6.787356381568253,6.673984702858848
53.624661323313205,209.24644548018603,39.83198413298626,27.518576853834414,0.31094654138499717,0.7845887087483115,0.7188817715064717,0.9792498592527422,56.70338694146152,65.06445851916821,144.1819869610178,329.58283789412275,420.0708399435426,72.82843338360138,347.2424065599412,5.33689843061773,5.3421241353071105
51.329925347335546,372.947632810836,39.80376123570981,29.032267702912435,0.34084842127368575,0.8591156752515173,0.9068953043701755,0.7016046966082669,58.020630713834926,127.1186118613317,245.8290209495043,601.0738021921228,699.6424573630909,146.38165421841538,553.2608031446755,4.352319420764319,4.500826795964936
64.82241298580118,190.94122990958203,36.57995759003572,17.785996080077783,0.38373902866553683,0.728276710843268,0.8069172714560422,0.92447164185427,71.77871956401039,73.27160209770597,117.66962781187607,380.7088054135312,522.7529587932455,90.98257401097628,431.7703847822692,5.892738420084135,5.963357475671529
61.48946226359824,722.9452075247187,35.980052929545025,20.587633973301987,0.3439269857189138,0.7260640866344671,0.8490159827751487,0.9709151959307547,65.15945363130496,248.6403660639111,474.30484146080767,1308.519853546696,1802.2098567250343,351.3512035561553,1450.858653168879,5.835169389977278,5.889519223325802
66.83657553516544,156.06261831705643,35.02915728833192,28.92945843173091,0.3000454076436511,0.8286857899034661,0.7224130578089197,0.7419161700936862,69.77818549687147,46.82587193087673,109.2367463861797,302.4935091681949,365.02799113211836,64.60255096444122,300.42544016767715,6.415800235629531,6.198831256452965
52.79544753252579,558.4799153348108,32.65694858954366,15.92712691033834,0.48300030754950546,0.7394365963936133,0.7843397695893198,0.7288377555196454,59.0819519555982,269.7459708669354,288.7339444678754,916.5578757216068,1239.5354519804011,175.92255259630727,1063.612899384094,3.943016816769322,3.80616163521055
65.9053462371978,997.0271684676791,34.28235363493699,16.385407921670677,0.4687758822461858,0.7195220076217983,0.7224252297537114,0.8273717821557867,73.29806910964855,467.3822905218528,529.6448779458262,2030.004619403921,2821.323875990393,378.95852137441386,2442.365354615979,5.22562665326701,5.276185321725423
54.03254640095489,832.573242555417,34.466036349780246,17.44186483809344,0.4484584462973894,0.7333697156411155,0.9403859307202773,0.9801036718398806,57.17996623402857,373.37450278518185,459.19873977023514,1322.4030526854008,1803.1874298618254,327.33562737420687,1475.8518024876184,3.9527385814471065,3.7909799497186345
53.27311885731409,653.6974944079097,36.840770697102016,23.92819251190312,0.3335629191292057,0.8847462791753552,0.9018154123315626,0.8627159680571316,57.48745214093738,218.04924446215,435.64824994575974,1043.87231734515,1179.8549956244078,248.18383251845842,931.6711631059494,4.2727557502162,4.204578238737376
53.28531595861986,375.6282587079505,39.47444406596694,17.257084065089963,0.3240727152419972,0.8642942505552382,0.814908188589115,0.8582369391165197,62.95190789897068,121.7308697211089,253.89738898684163,656.847654067601,759.9815151444432,146.51420504656403,613.4673100978791,5.0395377236962275,5.115269476987668
66.29149440462764,661.5062526624746,36.73809828397947,29.521145721761002,0.3135209498944766,0.7708129124710188,0.7559006370809177,0.7423378354897965,70.62725944013536,207.39606869587467,454.11018396659995,1297.788159112898,1683.661674727968,305.78407918386193,1377.877595544106,6.6437016102008375,6.4479135297169
63.303944413924,574.3373175204865,32.578444494471604,21.700717908877806,0.44480583775458427,0.8311641534654786,0.933363776312463,0.7002368533279656,68.24557769103298,255.46859167342066,318.8687258470659,1088.7772784362178,1309.9425352941894,237.58341561993882,1072.3591196742505,4.197616280928597,4.399776330657469
60.46130849538238,483.4750455013343,41.57789800988204,22.522769405252497,0.4857615921375771,0.8074551347336076,0.7861491489317429,0.9430420272236384,68.90092950058427,234.85360786151568,248.62143763981862,925.3300007049779,1145.9831771461322,162.14954924095022,983.833627905182,4.189135678449153,4.342952740683081
57.17660968247005,217.63933906617953,41.42724319094113,18.6998792370811,0.3861071641826074,0.8354248526965128,0.7402461079218436,0.7262723688958714,71.25587906596908,84.03210802141953,133.60723104476,430.78006734714245,515.6419107675663,82.01342540567109,433.6284853618952,5.160271419721669,4.917002808547543
67.54401081626216,897.94379371642,39.85189543148408,22.064403786521,0.3238281343992096,0.8365342304925518,0.8407910971134887,0.8901549456205972,76.60533954742479,290.779463514537,607.1643302018831,1910.7580336708088,2284.136098705433,454.50139736031315,1829.63470134512,6.292173041490087,6.116173805459778
57.84890214845271,504.80618393919025,41.9132790156422,24.928704489555173,0.4024785641464213,0.8257468030119985,0.935943530086204,0.9743849363545574,64.37512202707107,203.17366808407954,301.6325158551107,902.6933247529292,1093.1841594303,213.9757271409453,879.2084322893547,4.327373918974142,4.030631534001781
66.33198878943153,275.16026063868856,37.44482332800263,26.26765705431064,0.369766381491726,0.7532202737074617,0.7009575726250806,0.7625955739475293,72.915014803931,101.74501390668807,173.41524673200047,557.3142910534303,739.9087763666356,114.40355524314721,625.5052211234884,6.14777272227953,6.003436907338581
58.78269817140437,430.98341578956064,41.627683502532065,26.308021240648696,0.3749649848699995,0.7078012841525636,0.7595312108134996,0.8995818508710732,65.8768634547899,161.60368998075333,269.3797258088073,788.6621009235507,1114.2422577938669,185.13888412866973,929.1033736651972,5.74927078568473,5.881456032050023
57.53888858849815,472.71677727603435,32.75605040616751,23.668366690411325,0.42426612483114146,0.7911133563980217,0.9346119101026018,0.7236095730122528,60.85399386412206,200.55771523756889,272.15906203846544,799.0751073284265,1010.0639824445071,190.2260648116226,819.8379176328846,4.0877904729905445,4.03703299893504
59.25359571339213,844.7841060101869,35.656807482613715,28.56539662490786,0.4437436226524405,0.8781947769381407,0.7427714917142905,0.8811265431512839,60.20367339057196,374.86755956016367,469.9165464500232,1412.752955660656,1608.7011591964513,232.63424682067495,1376.0669123757764,3.670808202209685,3.721553151252319
56.02755748328284,760.2529425052618,34.25381268006766,27.26111770959164,0.32212071977463214,0.8138994517037151,0.728310862909955,0.7491795162859608,58.491579740353075,244.89322505057694,515.3597174546849,1235.233211371794,1517.6729862467796,262.24993884257594,1255.4230474042038,5.126409875752691,4.892286585249587
64.95218760352502,792.3744042772058,33.9583308413427,26.35572172047938,0.3071180461612953,0.8664782083403816,0.8425468039499511,0.9207860681545534,64.74679606432585,243.35247886983575,549.0219254073701,1425.102887786887,1644.7071306230232,336.0546471355981,1308.6524834874251,5.377600793569054,5.506336564437698
60.054407801849585,109.92813798578248,33.40802948892676,15.83408282520691,0.498866060537143,0.8983248685922456,0.9154609558237075,0.7903693884381724,66.87572067090088,54.839417139150775,55.08872084663171,204.20898471692882,227.3219765550322,36.50086116357834,190.82111539145384,3.479634273049621,3.421686960206053
54.64425390293635,474.5385983617854,38.22413641565997,15.10316943329474,0.34654566978311035,0.7327232408276552,0.8192774544234815,0.8390173026413938,64.80834911949259,164.4492964072233,310.0893019545621,854.2795320362574,1165.8965956522643,218.46120383125202,947.4353918210122,5.7612614496987105,5.763364831340458
67.99149146549136,533.2097364717913,39.81321855747305,18.186709157932093,0.3107661049816918,0.8383555278283965,0.9486410641711311,0.8798291626082865,79.64529089329754,165.70351294165292,367.5062235301384,1179.6567935676208,1407.1080280502254,322.006050624303,1085.1019774259223,6.548454876801589,6.5302093423542535
57.67782442746423,117.27304914075101,37.782983994203605,24.952853908701783,0.337975065819184,0.834858714740005,0.8697929248844982,0.7513820231998718,64.59142999903004,39.63536650216172,77.6376826385893,210.41205400965637,252.03312883328257,50.794406798413576,201.238722034869,5.077251449759986,4.883572302625771
60.871057222279774,333.8318878705308,33.469627095882096,21.167962333238187,0.3077915692696928,0.8959910894716557,0.7185187268026119,0.9224913455852862,62.72228414740196,102.7506406399348,231.081247230596,581.630514679974,649.1476550541897,113.00209966820086,536.1455553859889,5.217929076128913,5.037427708274502
68.12944221929094,784.2608408099215,40.11123769933471,21.036093889489678,0.3783621789234343,0.8971201467905601,0.9482080329204938,0.7907921021910443,80.42872813094827,296.7346405731666,487.52620023675496,1752.1417208125024,1953.0736513729794,402.9282569849981,1550.1453943879812,5.2240122400059255,5.375685344562444
62.48475991827984,223.39873515609915,38.35954707163729,28.268803323444207,0.46048035689026484,0.8373357223448259,0.8019735591950475,0.8987115579738261,65.85944425382661,102.87072929351429,120.52800586258486,408.69212623301354,488.08633780550537,73.91490226496273,414.17143554054263,4.026134920836562,4.074326808590288
52.33796081416728,581.7791183073325,35.881657061269955,28.43344272197758,0.36824888995154414,0.7487229583964389,0.7718506334613706,0.7474849152098121,55.480442897838124,214.23951451366327,367.53960379366924,896.5934209001271,1197.4968990137374,204.37215314097256,993.1247458727648,4.635581573862406,4.781609213522715
68.7966424722695,293.6816848155138,38.74130295536063,28.637628960803788,0.3888366813756733,0.8597111676261198,0.8394697958944713,0.906435297761905,72.52317354238492,114.19421170448085,179.48747311103295,591.6313276137639,688.1745287169036,123.57453751714246,564.5999911997612,4.9442084915903575,4.992363831735446
62.55416106142836,110.90869717950395,34.59904979242833,19.70817114772541,0.4351173547134878,0.7214058268422076,0.7760768979552161,0.7384564218431385,69.89543425997253,48.25829893146502,62.650398248038925,215.33365423803386,298.49170359575373,45.79976998865977,252.69193360709397,5.2362378948739865,5.25869988429199
56.69811229314172,317.08131183958733,35.451922084942105,25.36583719108893,0.401778814013976,0.8561398608343258,0.721614376780038,0.8276069488809951,59.8589417763188,127.39655341690509,189.68475842268225,527.2264384379068,615.8181186939642,93.04380738830683,522.7743113056573,4.103520050459127,3.891038475028994
52.785441453267744,978.2863794190484,41.174858431319905,19.074497719115545,0.47228913720426485,0.8820392248289393,0.7003570857697942,0.7741618221216631,64.50135737707569,462.03403007450646,516.2523493445419,1752.7999826675975,1987.2131911225736,257.0561902687077,1730.1570008538658,3.74465274900826,3.71427986718025
65.88050378540592,821.3834006946906,34.9050450567142,17.859147496116748,0.4732071350091513,0.776566678953687,0.8123958382300656,0.9245125748284547,71.11978030826428,388.6844857868083,432.69891490788234,1622.6835279517059,2089.5611052202767,312.9901672612343,1776.5709379590423,4.5707276799658105,4.566972691827817
62.40145511857027,963.6189798889301,36.69988268157937,17.769486860210538,0.30198213909823074,0.8261270589966161,0.9092158555566481,0.7786105013520623,72.19020998610257,290.9957208225141,672.623259066416,1932.3293473548838,2339.0219776868475,519.5602092230945,1819.461768463753,6.252537883790705,6.618894186239813
60.66922183952643,539.0686395337261,40.901411373960144,20.13161431295391,0.4556092612966398,0.7860285464193653,0.843078796407519,0.9645151919186189,69.34219031300825,245.60466464614555,293.46397488758055,1038.3388942867243,1320.99387358986,212.20115477763133,1108.7927188122287,4.514542589855611,4.607581439045409
67.87785166101915,198.76257880975317,39.07721350267528,21.449364296697325,0.3921467200483348,0.7875530109976256,0.9498018247358602,0.9675460634219839,74.79634182328702,77.94409334859336,120.81848546115981,412.9642718425646,524.3637775182217,105.95769250875263,418.40608500946905,5.3680281216205845,5.615396710218979
65.77194422449061,593.1635400763237,32.62203226164703,27.464237565826025,0.4977681082607326,0.762074177821624,0.7717116614117999,0.7589323945668357,66.67207015241837,295.25789323303087,297.9056468432928,1098.5400321062634,1441.5132595706382,195.54469387560428,1245.968565695034,4.219933130497749,4.295580205352553
53.033497594655024,508.9396011039648,33.47303044278971,16.798366402090682,0.39664641517508703,0.8524259240900649,0.7701137661900138,0.8841537835023172,57.13784535282904,201.8690683185264,307.0705327854384,807.7697839391344,947.6128788567764,154.10821246966418,793.5046663871123,3.9307887681685454,3.8469092861108938
56.23444135591097,859.9213744656544,32.07841590771917,26.02388771092341,0.4973791890776595,0.887235312833301,0.739937365058486,0.7263152925159893,57.708249635502874,427.70699590227355,432.2143785633808,1378.4599262380202,1553.6576444822067,202.23615319420128,1351.4214912880054,3.159689937820869,3.1707922240381845
54.969782796289316,188.2743227058201,38.309217902291635,22.97182371283958,0.4509138722411473,0.8881501718468923,0.7410158970663338,0.8174611298804887,61.845493967466226,84.89550389486071,103.3788188109594,323.4421802536552,364.17510293452176,51.86164556351898,312.31345737100276,3.6787985587292,3.7048691350116383
64.87892585145354,539.4170233196004,36.47673425410419,19.31918014013989,0.34972097692266124,0.7349562569749868,0.7712966490025119,0.9139965188503817,71.11868028729558,188.6454483640446,350.7715749555558,1065.62852286087,1449.9210160437306,254.5268356805436,1195.394180363187,6.336724213225313,6.158189118056774
50.67064869471559,235.04379822458583,33.342748509022755,22.39229376799237,0.40767899585739154,0.8749487299313132,0.8982100113183817,0.8978269740549749,51.98797281418592,95.82241964270649,139.22137858187932,339.42918311785473,387.941797623389,72.2386535961313,315.7031440272577,3.2946688802518396,3.2566760064231692
61.39779369742633,392.20833420105396,41.579341210567705,19.49913104665534,0.4984271278957165,0.8474862882854244,0.926439197659112,0.8874102008219824,72.80449844533535,195.48727355259464,196.72106064845931,793.181418266339,935.9224204925472,152.21549230166926,783.706928190878,4.00899206351674,3.9842445161791757
65.24917371481381,763.6213696490197,37.2965972394562,23.94122932857459,0.47150612155038474,0.7505674801380579,0.9437717924269202,0.7847622590987331,72.46393277869223,360.052150336202,403.5692193128177,1537.083544406096,2047.895206069104,357.5055002934916,1690.3897057756124,4.694846855371355,4.920991032026562
67.53531273523498,528.4163164318899,34.418932941128894,21.50765884282866,0.3194733787582442,0.7134569225843028,0.7580724135241131,0.8134074848303205,72.66930515603079,168.8149460014814,359.60137043040845,1066.6568485615203,1495.0543120358932,269.9484424033325,1225.1058696325608,7.2570936321112836,6.804089767604561
56.84163497431815,438.2994566311924,37.00603571154708,17.46608293618318,0.4412743993619992,0.7535994533768756,0.9203243864035229,0.7308838434100858,67.09314254691462,193.41032946562004,244.88912716557238,816.857997833106,1083.9418661634759,195.0803545156745,888.8615116478014,4.5957292669097205,4.7619777171096285
66.42514609344026,455.02865071303177,38.79620332735108,16.74874611833545,0.3691159171741626,0.8824416473563051,0.7820637723193342,0.9157068461300804,76.73460264845409,167.9583177484624,287.0703329645694,969.901186281297,1099.1108468044438,189.80221525195068,909.3086315524931,5.4138946123185825,5.261743292056813
52.212634739104146,513.5020915653879,32.76239217973564,23.200435231081954,0.3013964523760696,0.8266357349791544,0.728210136129221,0.851166639037382,53.47209716267004,154.76770868549957,358.73438287988836,762.7231592616308,922.6835073623628,164.28893283247774,758.3945745298851,4.900211943248471,4.698507578632234
66.92904583469036,806.5148894533512,34.74703815047892,28.53619549929155,0.38069619380539993,0.8442109321795743,0.9175062313800414,0.9126296897036964,66.48706657059465,307.0371486622737,499.4777407910775,1489.522476257243,1764.3960999315782,350.8947780301513,1413.5013219014268,4.603681763134829,4.766644105103205
52.549773246639646,902.876220046211,40.06965490883994,20.159365298365284,0.34695088434499427,0.7514304702218192,0.8590264086609046,0.7746830574390617,62.705897844859294,313.25370299909855,589.6225170471124,1572.657333910289,2092.8846995598237,410.9279753642228,1681.956724195601,5.3693115455380305,5.4872052081369445
57.945745811207345,959.8012178535355,36.59664870402661,25.99500160833935,0.46377385410409433,0.843877631114964,0.7411827240202654,0.7973314685905198,62.4400311667706,445.13070997773764,514.6705078757979,1664.7227210188648,1972.7063020018295,274.4124114284444,1698.2938905733852,3.815270104950346,3.9588599359892274
65.94590731559107,808.2130476297656,37.46577142032295,24.879920324096503,0.3674661217691531,0.7056243012555847,0.8074578143782506,0.8002646011780343,72.55232269720675,296.99091417573777,511.2221334540278,1628.8259399924352,2308.3472849420145,412.64142561385114,1895.7058593281633,6.383043281271633,6.536370736869091
52.99834854697548,383.8662061732115,36.32816002209469,28.973323714642213,0.46550473879076343,0.7750642691546027,0.7718144237192669,0.7077227229241648,56.924991525669554,178.69153803526214,205.17466813794934,606.9883481500275,783.1458271352088,113.07521759121204,670.0706095439969,3.74987319999321,3.9815979270378614
54.58502790465283,719.321235477888,32.43899942643005,27.314715259487112,0.3001195877669591,0.8253506697084663,0.8841986421775492,0.802314361849187,54.5713855704168,215.88239266364343,503.43884281424454,1090.3987913959002,1321.1339511980468,286.14659367531624,1034.9873575227307,4.794218485132771,4.874577809547678
64.44505136786132,493.8428116498527,33.65749779820156,23.499078883581944,0.36156383000522385,0.729219313108264,0.8133540576560669,0.9409913720554101,65.0368129020123,178.55569840066912,315.28711324918356,892.1656262298658,1223.4530959239828,222.35786211355892,1001.0952338104239,5.606627191275753,5.580307881922006
64.40073073092148,329.20355984144607,36.45541638741891,24.85545747351161,0.3482330428615524,0.864600714889387,0.9473199862765962,0.9691895487249216,66.4917372207967,114.63955736444191,214.56400247700415,608.0365720313403,703.2570775853796,151.97466511919714,551.2824124661824,4.808832353684361,4.8583046174302
62.82295265770595,856.7844214833303,34.09185465407928,28.475796998760522,0.3467134722137222,0.7470062597623837,0.7136862455648987,0.8554654946907783,62.85628942510713,297.0587017111107,559.7257197722197,1495.9524881021996,2002.5969910587487,326.79291535743573,1675.804075701313,5.6413229642773794,5.851767292750622
63.878968889342005,134.5837140660925,32.499790286596784,20.992781768804022,0.3136373239530925,0.8304562225636892,0.7887538165340616,0.8366505085657661,66.56389223824246,42.21047592735743,92.37323813873508,248.84488444771716,299.6484073290604,56.77735417841275,242.87105315064764,5.7538098733740695,5.619278550127696
60.854488866951925,911.5857929218812,40.436496640518236,19.901920587866663,0.3374248540821003,0.7810394285150659,0.8204750417774943,0.709247385609811,74.47642340764052,307.5917031599815,603.9940897618997,1885.8791523899924,2414.57611938424,459.4195382503148,1955.156581133925,6.356337186757696,6.232028477594687
55.03598117813905,515.3297181622607,41.81192529164116,15.162166254527945,0.411109913977124,0.8192087190955294,0.8257833886870799,0.9637613012756148,66.14492848289099,211.85715610354256,303.47256205871815,946.8457598041974,1155.8052761567153,196.72207763842576,959.0831985182896,4.527027626338708,4.485067510693146
56.91391987007839,673.4813291274523,39.931428739967394,27.398266112871966,0.3582722145675489,0.7214901105257816,0.7789839555964091,0.7039030640277618,65.27660180903196,241.2896472563886,432.19168187106374,1221.1825707575085,1692.5839355824005,296.14037056729035,1396.4435650151102,5.787415999374738,5.422013114527237
53.631954336028514,693.4185299852045,40.53784921704667,27.014710506050474,0.3834789564658296,0.7033825599843214,0.882310062274392,0.9834250240630635,57.434992926082984,265.91141427279575,427.50711571240873,1106.2913434587522,1572.8159985704106,299.4436441975682,1273.3723543728424,4.788708893355375,4.808545412426459
68.16901122667257,905.6059666358827,34.41977130317046,16.566817771502272,0.3753733760694377,0.8819128854760603,0.9186867683722436,0.8467648746064271,75.45080544418526,339.9403690847379,565.6655975511449,1898.0194332704812,2152.1620383694953,432.2459810397731,1719.9160573297222,5.059463993524682,4.7731799855808745
61.66783589532241,673.0027139504866,41.606269755132,23.652860716990503,0.4751809849999789,0.7539260017534365,0.9346798254944657,0.802580348072418,72.56672998456766,319.7980925226513,353.2046214278353,1356.6001728368385,1799.3810661546863,308.9325159299785,1490.4485502247078,4.66059237085393,4.668011005725625
58.0170283352728,652.5402262840556,33.96925704453428,21.95972547250331,0.4810597998021031,0.8639354005560919,0.9012733441998815,0.977265530452798,58.90835637915884,313.91087061902687,338.62935566502875,1067.7797833799473,1235.9486400171197,202.32162758247236,1033.6270124346474,3.2927404214971996,3.37821565818722
59.24011607288266,159.98683650462095,41.51429810361832,16.780636432636673,0.398591394331172,0.89987006009444,0.9126450493266498,0.707317297933029,75.38997635698357,63.769376237010114,96.21746026761085,335.03899504199916,372.3193046414249,71.52455092106683,300.794753720358,4.716915414107257,4.649433836272182
68.94566679223631,566.5672197506836,41.948192939659506,29.708523405910853,0.3660311900631209,0.7422862515997822,0.8376363251549989,0.874427468460726,76.02362319763546,207.38127369609649,359.18594605458713,1196.458134179386,1611.8554420222229,299.5832507536328,1312.2721912685902,6.327823953823517,6.646198773124698
53.067028062321604,235.15210073533748,39.11722805746049,18.220438311950332,0.3213601408004727,0.7530341482366711,0.9064720566067036,0.8646797573498013,61.81170292219166,75.56851220183499,159.5835885335025,403.7542164494991,536.1698634715874,115.44210282318917,420.7277606483982,5.567500912611349,5.323560709899885
61.724596640335946,763.6903918493371,41.81143731791822,16.008512701358416,0.490680575876419,0.8325719575269331,0.775875977286988,0.7657961203634146,78.0484751169303,374.7280412639208,388.9623505854163,1655.6908484803262,1988.6459464697568,275.0477258359262,1713.5982206338306,4.57291163707427,4.7363375320889665
60.11777357768932,560.999728731407,37.695397795671035,23.922710692528643,0.31204538898005946,0.8930897269201243,0.7996196905273035,0.8286662294050632,66.33015847930209,175.05737856969972,385.9423501617073,1033.6444698222142,1157.3803153987692,222.83705072598252,934.5432646727867,5.338496853479929,5.4466233650188105
62.22908470869296,712.205001287518,34.595417831760905,26.08300015699549,0.3595300555136561,0.8831628696381488,0.779228253454636,0.895679201783131,63.234498347738956,256.05910365000483,456.1458976375132,1250.9979438101939,1416.4974398468032,247.42711055354016,1169.070329293263,4.565626890935346,4.3305838646085535
50.36220367641681,137.50561054214583,36.36995885665621,15.486651690707804,0.3596132402340008,0.8005751040131169,0.8168468338619813,0.9181393590645782,56.667068986535845,49.44883815741564,88.05677238473018,216.44555329520858,270.3625833606515,49.49913458953397,220.86344877111753,4.466504310334247,4.8297375429670675
67.44247817888302,176.31281444122288,37.93560935378786,24.880764580905332,0.364080257228043,0.8590220565053449,0.771394904059659,0.7002150576119739,76.81801498996754,64.19201483436063,112.12079960686225,376.222233963034,437.9657438524608,75.1947051997196,362.77103865274114,5.651342142614247,5.640534750063401
68.64236564967224,744.691049256414,32.73081562027015,22.98437813927182,0.33285736865448184,0.7271491706199802,0.9404028605636117,0.9810560290273046,67.75802005692555,247.8759031160351,496.8151461403789,1401.633084770251,1927.5729676968397,423.26417024553274,1504.3087974513069,6.068798049914167,5.909039850239499
61.30266367178418,164.87590239880603,38.22343264617246,16.548975133125726,0.45663228618473944,0.8954876368408025,0.778211157001417,0.7493576117178437,73.77079714126417,75.28766024913877,89.58824214966727,337.8618541484775,377.293711547401,55.83916220547374,321.4545493419273,4.269684411471726,4.089449863637202
63.93301647753785,164.13105498873273,41.81177836762295,17.58785815419543,0.3244995723931978,0.8928706468071973,0.7245111345277349,0.7700741302667077,79.79264834426465,53.26045716028821,110.87059782844452,363.79032091914206,407.43899714926727,69.79130692554048,337.6476902237268,6.339556741084114,6.297712237971816
68.44998762354592,110.89762771139871,33.90107649783727,23.519614459741206,0.4269813318306326,0.7327457915758342,0.8317042915126033,0.7790420337081544,72.63439266019701,47.35121677707069,63.54641093432802,223.74949545205774,305.35759880771855,50.93478643494052,254.42281237277803,5.373099778419622,5.3525626832853925
64.14477268626797,960.8512584695321,39.925951162883834,19.445364202699324,0.3247692053411635,0.7598846249606213,0.7142747696112941,0.7113460409656106,78.17560195487916,312.05489966420686,648.7963588053253,2086.5312644433016,2745.8527201434426,463.51397623743765,2282.338743906005,7.313901324292498,7.336423502306066
53.05078085828523,763.7575235131062,41.07898793779619,29.07473592976974,0.3141071275185913,0.7200309995013533,0.7276357915771451,0.7369156370770974,60.421083379062644,239.90168183141475,523.8558416816915,1281.8626947103276,1780.2882036996496,310.9773094631419,1469.3108942365077,6.124637739176132,6.069920931866406
61.525767203336265,417.92626765185776,41.43701592820221,27.28110344226076,0.4818859007371753,0.7543435197796359,0.7548473472990616,0.9959049768832486,66.31659004101444,201.3927759291413,216.53349172271646,769.8734710899868,1020.5873728654653,139.70205000229376,880.8853228631716,4.373966835697748,4.457058030876783
62.13430092765712,366.8820231588897,41.60135604405447,29.753508097704945,0.3380257532637411,0.8631911578830413,0.8160875624705354,0.7945650212131858,69.73855321727837,124.015572237209,242.8664509216807,710.7172637924717,823.3602224743489,155.6810597985118,667.6791626758371,5.3838332608645585,5.321225229284686
58.48261342604772,414.7329067712646,37.21459638721472,18.89506258425621,0.46425003091194084,0.7756631214330518,0.8083127330772569,0.7345903271017148,68.42270761399499,192.53976478875867,222.19314198250592,788.2541227197911,1016.2325640330523,154.0290817734644,862.2034822595879,4.478054095503534,4.218107875807702
64.72888471249446,797.1881780630637,41.773079079915036,29.545854491969656,0.4089261742214272,0.7176793934293516,0.8999229655006977,0.732097378352387,74.23438555306952,325.9911117898785,471.19706627318516,1643.8548491300696,2290.514210356648,426.43034119909987,1864.0838691575482,5.7182045820901575,5.6925821944258095
68.6873402953803,695.233549963373,39.57310207134439,21.468508046873367,0.3155713039217539,0.7684451049557809,0.8848686634710283,0.9158379903009916,77.37829961455499,219.39575789209147,475.8377920712815,1494.3330536432377,1944.6191328516916,412.20155336239156,1532.4175794893,6.984718365625878,6.488633426254123
68.51137025813553,266.67601108072114,33.61671436236962,20.21278192970632,0.4910896382876135,0.896276666848256,0.8065795734976753,0.9563705992097922,70.5709533865658,130.96182582161495,135.7141852591062,522.7661207581355,583.2642308947247,83.79573236405157,499.4684985306732,3.813848007976054,3.8543248304532214
59.016787428082644,256.6984018006759,36.7690010646797,15.7552429045403,0.3493922333983785,0.8259367190518405,0.7834260518939075,0.7770856898525409,69.41445276761036,89.6884279149325,167.00997388574342,494.96053020316896,599.2717344875696,106.90772581363588,492.3640086739337,5.4897161219163095,5.328433714044942
52.264760916815106,188.55608474205758,39.18331175372004,15.791478867894039,0.4719290690705213,0.7832321892812315,0.7791171960153747,0.7062728537005705,64.89124091858308,88.98509753990156,99.57098720215602,339.8788422683785,433.943914613984,62.48801051535006,371.45590409863394,4.174360812854877,4.194818564772914
69.69682397924669,694.2724477312044,34.473403158190834,25.38016883919982,0.33376200115691285,0.733307702699454,0.8934987718235022,0.7669270055336067,73.75612950413677,231.72176150287493,462.5506862283294,1422.4124601671317,1939.7211497042015,404.13894591004276,1535.5822037941587,6.626836399977509,6.88808119757352
66.77796172891868,787.9353959995624,38.40615183548887,21.86893491651042,0.4707885764283706,0.897235359456739,0.7130181015553174,0.7169547072390272,78.05730915252751,370.9509834001584,416.984412599404,1708.447688826584,1904.1243424256268,251.47401474778025,1652.6503276778465,4.455171711716618,4.328366561256036
52.49325362406534,338.54178549250366,38.66600479046619,18.397824390541587,0.3026457625810588,0.8641698018526258,0.7032054123776514,0.7310184809890125,63.00976269088393,102.458236835932,236.08354865657168,592.5399323564108,685.6753511706969,117.6853032862612,567.9900478844357,5.543625045919609,5.72012124916441
68.41683765234745,118.85046492782153,33.62699743808566,24.20955459487849,0.40235609131389616,0.7562954604901838,0.898886097981662,0.8294524359542927,70.88160260430536,47.82020851919757,71.03025640862396,234.00865067641044,309.4143266769584,58.17757628793963,251.23675038901877,5.253777810026884,5.185469835370298
67.39792724124257,173.9545007287846,37.650853124527565,18.792871773751667,0.45388851588431134,0.7140137391442378,0.8192865939972622,0.7689755112584897,78.65580537283975,78.9559501671844,94.99855056160021,380.07031536257756,532.3011232502342,83.357097656841,448.94402559339323,5.686006243263259,5.985066540969308
60.376761142521445,971.0740313605274,39.716269109786076,23.66447631516634,0.48695910349855664,0.7113251114755116,0.732720284638394,0.854783763557627,68.1852440751573,472.8733397420517,498.20069161847573,1839.2477734267918,2585.664056779346,340.1968932608653,2245.467163518481,4.748559444572121,4.696540977868744
61.82550871489859,365.90029972967824,36.98895664535942,20.388131204740354,0.4818404272412974,0.7240756299011067,0.7588914836486252,0.7760481259771571,70.45466797027252,176.30555674946694,189.5947429802113,716.0940035466022,988.9768057024723,136.1122946959526,852.8645110065197,4.837422749065442,4.7154481524098415
57.980054077402606,792.3008330543203,32.121031167761075,27.353283399177286,0.46392497390952897,0.8161537167228843,0.9331259882743456,0.9821611903308842,54.72310211805864,367.5681433032236,424.73268975109664,1204.365538762625,1475.6601778382314,258.357017490843,1217.3031603473885,3.311775469462216,3.3800548527129264
51.095232776440625,662.1972119688375,32.09038469079292,27.31044241150169,0.47763826993226083,0.8857526842410985,0.9148757439062245,0.9717831903778793,48.36801902017891,316.29073067876215,345.9064812900753,889.6990928782826,1004.4554294978686,168.0088580308256,836.446571467043,2.644549745963224,2.609975717400137
56.70394483291802,443.7456756876063,35.57029343970012,22.16025597183602,0.3398439371674153,0.7993486856011969,0.8774462625559931,0.8700418315031397,60.768537408709385,150.80427752669112,292.9413981609152,749.0493248048701,937.0745687052752,189.98063750960137,747.0939311956738,4.954063262983003,4.829005439214961
66.05706897196023,285.11853597599963,41.26194068431782,20.262286640025234,0.35683685914234575,0.8685890964912395,0.8205563075843316,0.8063271975962158,79.3582669690402,101.74080286093962,183.37773311506,628.5142471057021,723.6036575230498,133.65903872620225,589.9446187968476,5.798505635965838,5.715382923943988
50.092640460092056,209.24777634346577,34.28676779603609,20.43839694838642,0.3577937049842117,0.7891773239719615,0.8300809065478464,0.8143440646104206,54.22606578817145,74.8675371576363,134.38023918582945,315.18565794526,399.38509175468675,74.51691666228893,324.8681750923978,4.33923950788412,4.3334327550813745
56.669983433822885,653.51167123498,38.34363688871687,27.085717885023268,0.37541078620033974,0.8417167091535651,0.9438111338209896,0.8235556849433491,61.61685108481253,245.3353302894218,408.1763409455582,1118.5369813520203,1328.8758191302002,274.17763090249116,1054.6981882277091,4.299006535191988,4.472107769860782
57.96337387181887,797.1704025740091,34.2207587069332,19.922692241964178,0.37866413407703775,0.8463745474573001,0.9414426109710717,0.9182737966404833,61.07430219274092,301.85984020253073,495.3105623714784,1352.4062796087214,1597.8815568965947,327.13943786651714,1270.7421190300774,4.209709109292187,3.9654507052852397
60.74791205875846,679.5138281870176,35.216699896595486,18.13589060560269,0.4089110649309351,0.7347927411806677,0.7538172614464586,0.8354916986556513,67.46503192512057,277.8607231192498,401.65310506776774,1273.4283920055009,1733.0443275192831,270.2692417118065,1462.7750858074767,5.264418336591227,5.268063523917203
68.39711232825522,577.2719199242424,40.48042089601484,16.270325128129603,0.3319759526732883,0.7722432117951623,0.9027761415763295,0.9570189839517692,80.2102250240013,191.64039556838856,385.63152435585386,1286.1975165877984,1665.5342474269137,351.5554063523465,1313.9788410745673,6.856481574134835,6.985020773605518
56.92691988731922,137.75610108847263,39.28861442269947,22.000396813266125,0.43824933275719785,0.8274604313076048,0.7493106665417542,0.9832284357791093,62.35509439096824,60.37151938525623,77.38458170321641,238.6054079528743,288.3586923616578,42.482161303813946,245.87653105784386,4.072723919515783,4.096359798672744
56.93906403792455,971.6398998349454,32.95399277313211,22.23198148379763,0.3335133078609013,0.7141393216368732,0.7533843694709879,0.8007838460136801,59.78532913397537,324.05483704358744,647.5850627913579,1613.60586698153,2259.511299956144,397.09155391218593,1862.419746043958,5.7472363721991,5.973079514532455
64.75002496219497,818.8427724891171,36.28702020986434,27.613630656043608,0.3620616964209095,0.7723080375525913,0.8690232585411442,0.868208344412704,67.17496077102855,296.4716033094106,522.3711691797065,1527.936975544353,1978.4035659997985,383.8778110844861,1594.5257549153125,5.378342266565059,5.366346627684199
59.044358817796144,363.53983303086824,32.291697636452646,18.31858044669096,0.4006690261212308,0.8069598932562385,0.801250274646887,0.7285169610497693,64.53360202961997,145.65915085675283,217.8806821741154,651.681525186904,807.5761021495673,135.73330297495963,671.8427991746076,4.61243111210586,4.5868941876941856
54.49209645879964,981.9732964229656,36.80890146603009,20.714869105025997,0.45928811230469546,0.8992448986089278,0.93288610177663,0.7601407143299077,62.05498420193185,451.00866164772305,530.9646347752425,1692.6760387846132,1882.3304323472626,332.3215071178644,1550.008925229398,3.436760880747984,3.497831731218583
59.04879032265387,641.6934306726899,38.62434011701068,27.12608608340536,0.44789384664774545,0.7949067125244882,0.7222524337240022,0.824039730013048,64.43067282069654,287.4105390325795,354.28289164011045,1148.4649856350668,1444.7795792134373,201.64211329219918,1243.1374659212381,4.325302301389588,4.338189169560653
52.817140407596,624.1803923865218,33.18502623598152,27.354354161234603,0.42910687128210445,0.8632113514228648,0.8278814102023733,0.7618608147705336,54.012981351989936,267.84009529261664,356.3402970939052,936.4956637291934,1084.8972991209293,179.46494037367813,905.4323587472512,3.3804959550886577,3.340902700271006
53.527739730124466,773.2658614865788,34.888849389091654,20.769166139681523,0.331154652116034,0.7864134570133235,0.9296303826107802,0.9629681472366153,55.86098223910218,256.07058735379337,517.1952741327855,1199.8719598501618,1525.752069918907,332.0381855550381,1193.7138843638688,4.661659492796822,4.733842125650473
59.9673554547896,830.5928092811238,35.97836625502157,21.886860349300214,0.40940906912311553,0.8592781445239418,0.9260284151198762,0.7474858768177294,67.08706546366963,340.05222886813834,490.54058041298543,1547.8342824971114,1801.319272881826,344.80204019171117,1456.5172326901147,4.283216250451065,4.199368656769526
58.37850899009096,690.8307465983523,41.195310246560496,19.549288362739244,0.3174893003599771,0.8190829603240217,0.7391323033539352,0.8366982464659276,69.84787753642915,219.3313704046715,471.49937619368086,1340.3628163000453,1636.418874798482,288.9310207525476,1347.4878540459345,6.143616627023247,6.030971483627168
68.296918021362,215.28617172958002,41.93255015422964,28.988323176289683,0.3754726353593302,0.8773190883004797,0.791659425024114,0.8817097721379626,75.58358787226308,80.83406625572674,134.4521054738533,452.0028132946064,515.2091403484847,89.15412923180394,426.0550111166807,5.270735852490862,5.187248341878236
57.24787798233266,404.44075539504854,32.449112989956156,16.779656486123706,0.38270330605799185,0.7821885104700219,0.854780350011674,0.9075591724482533,60.30538580790369,154.78081419427667,249.65994120077187,677.4987719594003,866.1579183159915,159.9608139236415,706.1971043923501,4.562562279236693,4.747766148577904
61.61176700556087,935.2752762934448,39.61007923495392,29.00624134502205,0.30796228788915075,0.8208608839642958,0.7398487211928505,0.814920810917952,67.30134679271974,288.02951389348686,647.2457623999579,1748.4801587911636,2130.0566185429484,381.7085438750099,1748.3480746679384,6.07003098756913,5.483480914800121
62.64528575839061,302.15405065946675,35.717240664023436,25.25799677753015,0.3547976198939944,0.8260037361237655,0.9420055430114347,0.9607297206174186,63.933002499685685,107.20353801530821,194.95051264415855,536.6004354472734,649.6343926546974,138.19313606035115,511.44125659434627,4.770749791124567,4.8273688828740005
50.26188913176667,434.950321453762,35.9245818622948,22.973582290300968,0.4911298934532979,0.7834765883600947,0.928687332181915,0.8704957453233777,53.7969867649316,213.6171050330638,221.3332164206982,649.9726857402994,829.6006484389865,137.21879077986952,692.3818576591169,3.2412285409071036,3.2445610243771363
63.27074744033421,488.8691946497764,39.54264973347023,15.489885911767438,0.4907265215659379,0.7288624087374963,0.7417375447586172,0.8318523341342655,76.39219649050685,239.90107939122618,248.9681152585502,1037.383099328932,1423.2907156315578,188.17545855773798,1235.1152570738197,5.148435597739087,4.888819998513199
53.56071933739503,495.46449072500695,41.18426432145409,22.133942877330124,0.3704654108505079,0.7187118813824671,0.7302888653152463,0.720172190215611,64.89729758669668,183.55245611827735,311.9120346067296,893.1751805061637,1242.7444204597125,199.9696757110767,1042.7747447486358,5.681072140362391,5.733859545644603
69.2214063493891,651.645624245073,41.50928594502548,21.116221575040985,0.3086200217896648,0.7033343101199265,0.7213521207020663,0.8394068405335495,82.11515698386071,201.11088675365414,450.53473749141887,1486.3884092425021,2113.345514153939,368.8949094027703,1744.4506047511686,8.674073457236508,8.797874688973707
52.97325455506226,948.7682539702369,37.77122586038321,17.41828217962684,0.3358189878656363,0.8747068528490429,0.9273609160091577,0.946220752244719,59.46603219322412,318.61439476733193,630.1538592029049,1567.2078759584206,1791.6949785563068,386.2489972678256,1405.445981288481,4.411118908531448,4.489147971411025
58.29248247454048,316.62344064925446,35.57121159300503,24.846144052509853,0.37844355868670804,0.7472949824477388,0.7484059524488651,0.8843623054663946,60.9063863303647,119.82410164293356,196.7993390063209,535.6774888175775,716.8220065695937,116.70707340002556,600.1149331695681,5.008299039519308,4.609864601285757
51.70699336157288,209.35123867082626,39.875490858587796,29.567263610524286,0.48955593959384597,0.7423013498563535,0.8040712321360887,0.9496487361187355,54.26855376114423,102.48914235263184,106.86209631819442,315.58858196582975,425.1488725258291,61.07335174649132,364.0755207793378,3.5523325927215996,3.697948681984006
69.93748503691894,277.72344087394356,34.510013832623,23.432832165967877,0.32823981270743696,0.8472070800852132,0.8122128414130008,0.8482035011797917,73.49495258409556,91.15989021692818,186.56355065701538,566.9797532922875,669.2339648946984,127.79978738677603,541.4341775079223,5.939390407552063,5.8079392183389364
60.043900206624855,898.2324101883426,37.64074028833518,25.721299146659188,0.45270316873364247,0.7640032226174783,0.8497527610533918,0.7355385115283445,66.98601508974083,406.6326583515196,491.599751836823,1671.361382860294,2187.6365614456477,356.08914546379646,1831.5474159818511,4.504181792497697,4.596954570824951
61.90770034640087,681.2297313896854,35.585784615248734,16.026756788490253,0.3217365078749384,0.8012089384823673,0.7179338359368562,0.7040919537507643,72.87678678887872,219.1764748378997,462.0532565517857,1379.0509413536452,1721.2126264664666,293.3495532709834,1427.8630731954831,6.514673047148484,6.6595086486972646
51.34152954776855,357.31611031524415,38.56631073707876,21.265004937254922,0.49625151547825536,0.7325022130594913,0.7566896543501289,0.7909658640155773,59.19739763931273,177.31866124873537,179.99744906650878,587.5606629240012,802.1281744254356,107.01468173509045,695.1134926903452,3.920137270353448,3.8170340827490548
64.99920940798356,834.3522450717555,34.403989128935066,16.745377277467437,0.376323299821827,0.8919491442923939,0.9328725967297314,0.9093971414493377,70.53864927191606,313.9861900791527,520.3660549926028,1634.835566232009,1832.8797966715533,373.2363072385247,1459.6434894330287,4.648750599716081,4.740860007703563
54.19811186191171,875.2329967270924,33.915929457348255,24.191937533047657,0.4550469077798112,0.8703162800034475,0.9271025268171423,0.9370779711825081,54.67440598187529,398.272068747521,476.9609279795714,1329.2456719941772,1527.3133486471284,270.0741872526045,1257.2391613945238,3.1567344537824793,3.12022745992383
67.96108578881427,861.8629048212503,41.182390866754375,29.07723237321232,0.3685182165622264,0.8727579245930006,0.895322661851423,0.7887258503860988,76.39465530411972,317.612180605867,544.2507242153832,1828.9366537007434,2095.5829814477415,414.68021136794675,1680.9027700797947,5.292312048213508,4.963440816135333
54.10279280964014,927.033880275599,33.01803682949537,24.92666598707458,0.42553377543176174,0.781354749714401,0.7048503114045538,0.8486961762649741,54.90932015921116,394.48422702683143,532.5496532487675,1413.9666702913526,1809.6347028135203,256.4604240116364,1553.174278801884,3.937227834197392,4.075157814567809
53.81375441327333,327.01691815602544,37.05957907734932,16.152045724716324,0.33840321694800735,0.8524722427414346,0.7817516921240255,0.8263356713302245,62.497929253276844,110.66357710042224,216.3533410556032,567.7188948761084,665.9676015378539,120.5544819054481,545.4131196324057,4.928569398560718,4.8139735119438045
50.730993356961896,779.5377358716505,34.208527829630086,20.319993074776242,0.3292042038593925,0.728775231077956,0.8569896838357269,0.8231568353054284,54.764579411913324,256.6270997159801,522.9106361556704,1185.8626733535032,1627.1994749320083,327.3970531519187,1299.8024217800896,5.064946076305406,4.935107176965694
59.44133890219999,514.485547546726,32.38929963325668,23.259950691612772,0.48761282791362626,0.701723800518356,0.7687975529433688,0.7694046139600451,61.91466851413643,250.8697527599495,263.6157947867765,884.8389481019311,1260.9504586395813,173.8506460905013,1087.09981254908,4.333323569658462,4.28092512487581
61.29682266525233,857.7986976010554,32.360188182914264,21.048116341998785,0.48352945558088667,0.7039945865156055,0.9273966737634443,0.7409113315088375,65.45120866282312,414.770937249032,443.02776035202345,1559.5544874273496,2215.293295288399,371.37303682446657,1843.9202584639324,4.445635151521784,4.481943106191302
51.31417278856705,755.6416094454519,33.75221772105827,27.504660157127585,0.4774937880425765,0.8173203474809121,0.8584723654581105,0.7590065674693639,52.91231790556417,360.81417449669794,394.82743494875393,1110.6319183791643,1358.8697770736735,213.33576107425748,1145.534015999416,3.1748586861847343,3.169403922346937
65.51055233390021,798.8027018497522,40.66770354506,27.220065070649838,0.42508669003331867,0.7910789810495882,0.7179766793291114,0.7165997161490038,75.7534450692925,339.5603965189831,459.2423053307691,1680.8904609938231,2124.8073849259026,306.9730949148903,1817.8342900110124,5.353493247877588,5.441515425301734
59.065776694960554,690.5456539129643,34.82478743977027,24.177465301548324,0.46165364224325567,0.8036030697817039,0.9272513972089257,0.7594392225470731,63.57763390838148,318.7929162641707,371.75273764879364,1219.5349661528428,1517.5837574688776,265.14289238185097,1252.4408650870266,3.9286972865142964,3.7708238393264195
60.4878053865516,259.6858925227362,41.50459170575296,20.60186917699058,0.313807387382275,0.7014926280834438,0.9394416645440555,0.7027602692876138,74.85383173490794,81.4913514725941,178.1945410501421,539.9578917451745,769.7271077821583,173.66835135160179,596.0587564305565,7.314380552775759,7.15147765986003
58.81525493876456,590.5242270072445,37.816222929891936,18.830045606448664,0.36695780837813585,0.7845373239314851,0.7194281045979314,0.8881775201907934,66.48345669745886,216.6974761367712,373.82675087047323,1090.558107639903,1390.065296288113,221.57629760298585,1168.4889986851272,5.3922593816811295,5.373494792636929
58.01526121750652,986.2027655720574,36.36614189768766,16.58811477319694,0.3627406249514312,0.8436136322401722,0.8330900587153287,0.7949126222163049,67.07599789750904,357.73580751243793,628.4669580596194,1837.5148508341365,2178.1474132355015,404.7282306732591,1773.4191825622424,4.957343227377605,5.239597588875234
61.192806626164355,943.649259847407,37.80088834669455,20.323465252298313,0.4271290643905227,0.7885387403934871,0.7758410705535426,0.9919434134280726,66.30914711160217,403.0600254714322,540.5892343759749,1738.1271553604506,2204.2381259456083,342.8910183421277,1861.3471076034807,4.618039472970281,4.602271749122871
53.10480491861425,138.8563622173105,37.166983852262675,21.197587758115795,0.3711915546941281,0.8464438412624444,0.7982097691203506,0.7581151152328893,60.59875091463405,51.54230897061448,87.31405324669603,233.7367251921945,276.1396725901904,48.51010945972544,227.62956313046496,4.416363327072563,4.560145401281301
53.63856260990542,248.3333341564934,39.587762537573255,25.137343876561104,0.32970135632873615,0.746603792879367,0.7449128044888355,0.8037485710928781,60.638392871516025,81.87583709303314,166.45749706346027,418.29261887985876,560.2605061335989,97.91107836016823,462.3494277734307,5.646958177026959,5.653489759795957
67.23571242027035,218.55589610910573,34.824960659728525,24.872397364463602,0.41929341508270873,0.8626284008963451,0.8445180255031031,0.80735234759246,71.00722877789093,91.63904806604863,126.9168480430571,431.0846809937843,499.733930097653,85.77733639814849,413.95659369950454,4.517251132957496,4.451706907119609
68.92230924267265,753.381918986766,35.53050391600303,16.051622094618853,0.4628767841338163,0.8176862480906905,0.9394948383122226,0.7025354488187381,81.08730009014481,348.72299988515755,404.65891910160843,1696.9362707602518,2075.2902164156767,366.5347926315576,1708.755423784119,4.900036488407278,4.863767727985017
57.46618632559506,836.0067968712506,40.94094302533251,20.928889731467365,0.37642469889199465,0.7421526198859812,0.8257681500679022,0.9517623859118376,65.56084863443273,314.69360678392144,521.3131900873291,1522.4809740842504,2051.439196318074,369.72066605852854,1681.7185302595458,5.343986957492488,5.316985975158478
55.41489346287108,292.16022967960475,41.46456513150405,17.72668300826043,0.3264537430196963,0.7473440951707666,0.7207286453486202,0.7095983380432974,69.9295231002188,95.37680054040115,196.7834291392036,567.5173758429208,759.3789520920002,129.02260623431508,630.3563458576851,6.609116077349117,6.728803020100778
62.87999086478031,555.2674236566461,40.925582274864745,17.352190579752087,0.3393376394625646,0.8256060929139074,0.8550003333693521,0.9820539504187724,73.04927988531288,188.4231368141061,366.84428684254,1126.7190400525262,1364.7174478519967,269.8091272815028,1094.9083205704937,5.810901671012434,6.050533598365028
58.17468342196193,856.63272521008,36.194479939573135,27.40953224605869,0.3474966610338768,0.8659879186424887,0.7850557486128142,0.9676223053280861,58.63963394883287,297.67701174285327,558.9557134672268,1395.3508176363953,1611.2820832693935,288.883580873244,1322.3985023961495,4.442393769857165,4.490329088564125
50.5077271132069,759.5213902896255,39.80365503006882,15.628728250743864,0.35997951859890726,0.783125556405831,0.9139812973978244,0.8606565748257891,60.63967305098547,273.4121444420322,486.10924584759334,1279.3646883998006,1633.6648420356348,334.47386460483773,1299.1909774307971,4.751767629349935,4.920989147971003
53.12305194732381,588.0134849426635,36.76335733301099,21.28774313853182,0.42855901410126185,0.7516600858255185,0.8086695370791175,0.8630786724733877,58.45389594748569,251.99847938527503,336.01500555738846,954.7688629043582,1270.2135990841837,205.4410718092371,1064.7725272749467,4.225313302970527,4.103017135581242
64.31944457694794,631.3129214128955,36.975398521461024,17.523054836497774,0.4201890969075438,0.87340232138212,0.7482099022355614,0.8961333768868469,72.37360906694498,265.27080631454777,366.0421150983478,1269.1776270346627,1453.1420354210256,220.64085901952143,1232.5011764015042,4.646199834519492,4.588406148476338
63.17847883820303,557.524492224652,34.04680109057284,28.18995323517711,0.4392159723134078,0.833853658350167,0.7477764056727862,0.8161150035804661,64.03368414802927,244.8736619409895,312.6508302836625,991.6763122195491,1189.269006964177,174.54826600923587,1014.720740954941,4.143854152838503,4.053812030909866
50.54191985006967,367.7936061869385,37.91130303258517,23.355607699125528,0.37250039690630266,0.7896170974566152,0.89219104518029,0.8941666850193566,55.139798175697976,137.00326428423497,230.79034190270355,563.3351448738871,713.4282510958915,139.79436405724067,573.6338870386508,4.187008901105862,4.226506370132791
54.43944323865899,608.5197935731145,33.86135897753348,18.47070954565272,0.46479953037599564,0.7975800390558604,0.76639689957684,0.713430516606546,61.14523903216864,282.8397142772814,325.6800792958331,1033.558006495389,1295.8674438729295,186.03679481862568,1109.8306490543039,3.92388548365695,3.881630135751677
54.62149593176143,719.9967718450816,35.31564699067194,22.536409307495646,0.3408175322311521,0.7408512935872793,0.8918083485398057,0.716214288204918,60.7260714571041,245.38752299463656,474.60924885044506,1214.5159837763529,1639.3519108207797,337.30083565213243,1302.0510751686472,5.306101383146144,5.422268858863537
63.437854871974565,885.9906242747269,40.55030201619935,25.972295395546737,0.3938081495036308,0.8253605260129688,0.7514718276916498,0.8371691258858633,71.51559780373921,348.9103282231968,537.08029605153,1760.0596984309775,2132.4738013983015,339.99657797052924,1792.4772234277723,5.137357878042321,4.993871208710547
50.394210755087286,672.6622185813233,34.070758092108555,29.371770133791507,0.4601877443082861,0.7717485021085777,0.7804215921753273,0.8648866903318104,49.89761735182576,309.55090905034643,363.1113095309768,932.3400552722512,1208.087936322395,178.1306320884551,1029.95730423394,3.327263057936697,3.3315583189730655
52.082171639691474,785.0093833388422,32.71158285173433,18.306690063681284,0.3360317295465238,0.8991290353348699,0.8163717431099248,0.9663452921007457,53.522456284156135,263.7880607936013,521.2213225452409,1167.1008445112652,1298.0348744678147,246.25762989649454,1051.7772445713201,3.987205643072202,4.069364955235508
65.99832170746379,244.0644714591157,32.690075926128166,28.292726581940176,0.3219726227481566,0.7960367030523776,0.9357989624233627,0.7313981901723688,67.03195233471693,78.58207799533409,165.48239346378162,454.4477227068146,570.8879012289875,126.77939439869077,444.10850683029673,5.651524089967006,5.301360838380474
53.57089324108667,515.4017269778109,41.40784520503108,29.014561712512354,0.47673679353759796,0.7971771212379226,0.9329328561884561,0.9467943781581668,57.7412909507007,245.71096670314205,269.69076027466883,826.6655853866496,1036.9911069486475,177.1795779683727,859.8115289802747,3.4992802336700906,3.7220057085763765
63.054922157037495,108.39845784438397,37.06920437961835,28.74630816798099,0.3685859325518392,0.8131703574821344,0.751717968855572,0.7630142011876209,67.54713650455965,39.95414667175349,68.44431117263048,203.3890396916211,250.11861022748806,41.55116800074977,208.5674422267383,5.220170110007377,5.175827079826112
54.76365562093453,322.01097806946075,36.09412071817018,24.531215352928648,0.4367740249818064,0.8833512006237494,0.7895547603107682,0.8182250945530095,58.917969216430215,140.64603097972656,181.3649470897342,527.0064692569188,596.5990297910847,92.85718610876762,503.7418436823171,3.5816285761731095,3.364040351491698
51.988827855186905,753.8155436017043,40.10878581007918,24.447309816520615,0.30506972085278766,0.86016361997195,0.737349847113443,0.7949807304482238,59.678183739483664,229.96629746106433,523.84924614064,1249.6206254650353,1452.7708408613998,260.54334718670657,1192.2274936746933,5.184357476888759,5.208945935442871
54.86344381998908,992.6289562144271,40.35825927910516,21.04815949775734,0.4380093776818899,0.7902260139595683,0.8274962698283742,0.8200465818596196,64.44801259381089,434.7807913805052,557.8481648339219,1777.0267630857988,2248.757610726695,366.02083213750143,1882.7367785891936,4.330312690703686,4.334657310917245
64.44533863711318,189.26028962849432,35.32191033115605,26.28596823455682,0.3632202623093941,0.8437398531945592,0.8151456376736665,0.7451486494217756,68.99037600105275,68.7431720436136,120.51711758488072,362.69829287605467,429.8698129557471,78.09611632798278,351.7736966277643,5.117216534677569,5.104644396480203
67.11392936212572,461.3448842751594,38.93618057473795,22.96941027526398,0.31114817071748835,0.8172470997561523,0.9251900406126831,0.8510710223210665,75.45832825763651,143.5466168120872,317.7982674630722,967.0087143782307,1183.2513259046914,263.9379317913004,919.313394113391,6.40428464654683,6.594720747336127
66.60439729133984,820.0638718292436,39.711228158518864,25.161571068424415,0.42196255230962343,0.7984734097402497,0.9325013444477681,0.9404927769494101,72.49046469880764,346.0362444139795,474.0276274152641,1651.3003097668138,2068.0717599650516,390.1567186072141,1677.9150413578375,4.848957496343847,4.957687363263019
57.943670592369095,283.6320711660089,38.54650686865955,21.426868557731932,0.3481607632146346,0.7384631545568701,0.795891847751823,0.8324602031136691,65.9255407663058,98.74955836930523,184.88251279670368,519.4054908412908,703.3600629038434,127.71452859617919,575.6455343076642,5.829347936472338,5.881440655256411
63.36170273141292,599.5764543720577,33.515950748000996,25.972446960647083,0.377361448410376,0.7927872526909782,0.8229344857547474,0.8471840727694597,64.28731523468396,226.2570392545974,373.31941511746027,1070.698903597516,1350.550100248478,242.20327607946578,1108.3468241690123,4.898618084195103,4.964772300069704
54.09968590831642,759.7641664267073,40.75883083517057,27.367072764068237,0.31611616245730273,0.7491637174045149,0.9240590622865332,0.9546302755843943,58.444796578629244,240.1737326633822,519.5904337633251,1233.45172651502,1646.4381521149019,364.16276353779193,1282.2753885771099,5.338949327877979,5.322234393673403
55.86295460522027,654.3869052341611,37.39094552736009,17.196543849042243,0.32943265021898904,0.882968429970331,0.9016769519362653,0.9118174343914092,63.10530937918775,215.5764124598921,438.81049277426894,1147.0913363469708,1299.1306341332213,274.9250042298902,1024.205629903331,4.751009714914353,5.0040709431187835
67.9267163704224,269.2222611538745,34.824724263700034,27.493945733613423,0.35959544709916874,0.7670813626992694,0.7009140778361622,0.8471363225559354,69.44132805490786,96.81109936867668,172.41116178519783,519.309759901952,676.9943648149159,106.3585215549002,570.6358432600157,5.8943225206741685,5.6327567685692355
50.260038470214724,419.8461118171655,36.25228185437694,23.10444797685461,0.3179519001120314,0.8904528029066745,0.7800148910458956,0.7773086944567539,55.45330461302729,133.49086900691617,286.3552428102493,646.7181758108998,726.2801281548442,135.23531066012416,591.0448174947201,4.427604838381103,4.446154511234492
51.71017061708936,805.4126060368575,32.375710903989074,27.669988636353366,0.48216525293726303,0.8066110580189423,0.8054435604840314,0.9654780240534899,49.117059534604905,388.3419729086216,417.0706331282359,1098.8749700176004,1362.3356128001342,198.87420484190878,1163.4614079582254,2.9959713065370672,3.0018156644148597
54.157725102920544,598.803862718815,33.27866801222417,21.46952559511522,0.3012094086367957,0.826308875735232,0.7574290709208079,0.8731061205071675,56.31467748703916,180.36535737896327,418.43850533985176,936.7068446389817,1133.6037553820536,209.99953787728546,923.6042175047681,5.1207406506793625,5.245678591751442
50.530644077476396,104.70665218862146,39.65546750515861,20.685607280745526,0.3967720437728623,0.8085880888978656,0.7498929039739847,0.766344283033208,59.84533543795175,41.544672385493584,63.16197980312788,174.061242300361,215.26565217849384,34.08187568870248,181.18377648979134,4.361179570958813,4.250773622225817
53.628708701795944,784.8916840252845,32.000116347553664,28.725910987758336,0.3246494916265103,0.7258761233933402,0.7094461266489198,0.780735925791403,52.95741311992609,254.81468620068415,530.0769978246003,1154.6064768144856,1590.6384568993788,266.740017665188,1323.8984392341908,5.195534287970864,4.923754964188467
61.66083121939384,131.78021944621517,36.165658284822925,18.76753901322602,0.3615358178955897,0.7751642438015882,0.8608424312674401,0.9409399266808738,67.03414309203806,47.64326941994769,84.13695002626747,245.38261352938238,316.5556402936856,60.894532987661336,255.66110730602426,5.366153717380736,5.391399809704921
58.42849101184996,771.1604044581089,37.22510181085588,27.663184879292146,0.4852119119636531,0.7198292224555247,0.7656275726207914,0.7132436686262366,64.17575726632211,374.17621427778306,396.98419018032587,1374.7167480528437,1909.7817998598714,263.4497852388925,1646.332014620979,4.39988420375317,4.437005651762961
67.8534342215395,282.2325041487137,32.54634420000972,22.260308587641063,0.33233891065479737,0.8245908088366763,0.7130867946078282,0.997627656108646,66.83607761276797,93.79684298015908,188.43566116855462,523.9809320035913,635.4435756357967,105.88720830110277,529.556367334694,5.645780289713071,5.898078819275903
66.34887123476882,962.2661321074422,41.730781629723324,22.711431638268895,0.49316646394366653,0.7893748390400878,0.7577448276320159,0.7391055039144375,80.20695070117026,474.5573857441764,487.70874636326585,2143.900894981872,2715.9478475256997,365.0713859763592,2350.8764615493405,4.953829678286047,4.7650349620684445
56.83634703395752,431.14667617187604,34.26125331249672,19.62702422234226,0.34115887539788436,0.8555969943141873,0.9004784882090315,0.9388205576190812,59.69845038020849,147.08951517433306,284.05716099754295,714.9663459455155,835.6344759235675,173.5155638793938,662.1189120441737,4.50146913095348,4.657403681350872
55.18846866862585,394.2384547042712,35.04198719636281,23.595633009285237,0.4483132216933659,0.744094096199874,0.9128722954116366,0.8184325950315048,58.88547254256783,176.74231174388592,217.49614296038527,644.8588249920203,866.6361261100536,152.75922132942176,713.8769047806319,4.039083215201451,4.325948723836514
57.59384816334534,233.9992452992002,35.03942512255027,19.87816794414317,0.40933545297946233,0.732913211685867,0.8207665612983256,0.84766485498624,62.73073021480501,95.78418707140044,138.21505822779977,407.7484313147807,556.3393111400825,94.39920824061505,461.94010289946743,4.822717789055549,4.768062185761492
61.80589885029615,375.04379394119337,34.3041666211735,15.589041213624785,0.4768957455193518,0.7812664461927535,0.8040176676021715,0.9641951732393734,66.47187006907807,178.8567897139916,196.18700422720178,692.4961761409194,886.3764462374814,130.47884259487898,755.8976036426025,4.2262729016402005,4.062596678045376
55.36127281645753,888.9856856453805,32.014738220863116,19.07997908016534,0.4107986511006262,0.8853170766436762,0.9444634233754454,0.823873356876764,58.31329245644103,365.1941205108876,523.7915651344929,1439.9911743508007,1626.5259220006785,316.7947015362602,1309.7312204644184,3.5863973347439777,3.5426101812578605
62.48297815698268,996.7009038645226,39.293447940879965,15.09568565109886,0.4069118438312617,0.8420843630024824,0.7501411648970174,0.8612481261019703,74.76438132216863,405.56940253979803,591.1315013247246,2069.9368455743697,2458.1110118158886,382.7646188561504,2075.3463929597383,5.117117760766203,5.119267712784455
58.18823304382481,431.4785774561635,41.66845499799285,29.67532180585285,0.33909160007368,0.7837847249585838,0.7538398207136521,0.7147898987227509,66.88645609135808,146.31076122712577,285.1678162290377,801.6686923717591,1022.8174482656833,178.35550514482983,844.4619431208534,5.771700837575108,5.869321286086871
61.0409436170396,503.7495678590883,34.24293483285045,29.48620814729621,0.3332458724103317,0.8034544339508621,0.7729667942590999,0.7007042421602359,63.405982013131364,167.87246421752948,335.87710364155885,887.2426677443345,1104.2849852498252,199.19377491184164,905.0912103379836,5.391540623155234,5.295884761847982
58.722530582706334,749.8638443824633,38.630471918034225,20.927329462084575,0.48329783022310285,0.7168426022354196,0.7431893295702718,0.7734399619005178,68.2835665341328,362.40756895279895,387.45627542966434,1422.3160474841816,1984.1399535250782,266.6736453046574,1717.4663082204208,4.739046464131959,4.960151207560183
55.88931519083835,897.576202418567,39.41896326958715,25.92556281509469,0.36556763977000684,0.8969151792752226,0.7948413995510466,0.9041749278756301,60.853136341500374,328.12481383188145,569.4513885866857,1517.231306185089,1691.6106910032788,298.56182153560803,1393.0488694676708,4.2454846776123905,4.103532781630273
68.96906613924313,633.7399007681057,40.48425379090525,20.187091476156375,0.3744164509925792,0.8332814609389838,0.9277085567474384,0.736379468007741,83.64721202709534,237.28264449798345,396.45725627012223,1472.5159958216693,1767.129193252858,358.9493967476507,1408.1797965052072,5.934609332614609,5.624964238792126
65.27211588319521,452.3731283600464,36.22629197013609,25.06639735628964,0.4519647316856777,0.7570808136926844,0.8538369601571435,0.7341285876413648,71.73659239782451,204.456699581059,247.91642877898738,901.4362978025941,1190.6738111692614,195.0043521010779,995.6694590681835,4.869830438955315,5.031515202294421
52.80226351532905,471.3596567637614,35.029309056404294,27.081450645689685,0.36776469648456145,0.8171616788430489,0.8029866371530658,0.823288182410771,54.699681873131674,173.34944110479177,298.0102156589696,716.2006464668414,876.4491348650247,155.73342030525149,720.7157145597732,4.157588913852293,3.873880738375548
67.36935951795826,726.0563318471262,35.25295134023031,29.20134367038361,0.49041248932780057,0.7218964732137988,0.9336026986428037,0.8943511115824679,67.42336237019222,356.0670930933608,369.9892387537654,1359.80997675837,1883.6634160361732,313.6550045340391,1570.008411502134,4.409304993231929,4.382302880957197
59.74862396499027,102.89643724385081,39.12621333098513,21.00318413774508,0.44758555379976006,0.8931673337615167,0.7121160581189555,0.9136215976743791,67.17203078428972,46.05495884781122,56.84147839603959,191.99340694826893,214.9579364257547,29.59629415400232,185.36164227175237,4.024792267957086,4.401232835040854
67.89104453788183,657.6304037138566,40.16779466505636,26.749469744340715,0.419485848514684,0.7349569975766732,0.7525690444754654,0.7535352022295124,77.46315192238347,275.8666479109613,381.7637558028953,1415.0589964351348,1925.3629819171986,294.40136792425807,1630.9616139929406,5.912137717058677,5.910001622747623
65.99710511894631,419.94370939722165,33.81613967756603,18.98892675948178,0.4761790321089505,0.8296060636110428,0.8414721512754397,0.7238764442116127,73.57063994270416,199.9683890810114,219.97532031621026,858.2090955629606,1034.4778482300585,159.59227506875996,874.8855731612986,4.375119373526903,4.228014605673402
58.50427008938467,814.7775981493759,35.70941008157765,29.854984556904725,0.3099211816698965,0.749090892507786,0.8538881557982947,0.9821191101836633,57.13519751681393,252.51683601661466,562.2607621327612,1293.1244167372176,1726.2583615295748,356.01928710239594,1370.2390744271788,5.426327590834467,5.416983867592761
50.44938616640235,183.69157584081893,41.019401967491504,15.386543981465268,0.35141253843784176,0.8435122765297072,0.7098893766406532,0.7781999147686305,63.17626476552036,64.5515229558695,119.14005288494943,322.3596564032011,382.16356225355787,61.585227005270035,320.57833524828783,4.966239688371884,4.958671021592596
55.37354718769892,629.3820402535515,40.06693519694739,24.052932097516816,0.39300726684418197,0.8553642734480562,0.800759689476783,0.9560039492826171,60.82595884162676,247.3517154408632,382.0303248126883,1063.4101687811556,1243.2249063833895,211.49662464017342,1031.728281743216,4.171098146234129,4.191200746286114
60.83268429321734,532.8756008975114,41.84858402762476,24.892589724769906,0.3453957078943042,0.8346839457822866,0.8622884912077181,0.9590474351388455,67.96445442902699,184.05294539159866,348.82265550591273,1006.0166525983134,1205.2665654847951,238.11271769021306,967.1538477945821,5.254758872436546,5.359159840878232
62.669564396522944,678.0929733147046,39.542482596820804,25.32068335611193,0.4487810374604304,0.8228998920510385,0.8745176366008504,0.9317567775287633,68.13490221575825,304.3152680588011,373.7777052559035,1283.383289721949,1559.5861685230966,263.1298638716176,1296.456304651479,4.260240746123103,4.127434833946149
55.157753708664046,158.3682350346715,35.931952010279225,16.805813681836334,0.483841606210745,0.8784938187904023,0.8595349756290673,0.750650081995771,64.05316236930732,76.62514121193624,81.74309382273526,281.77739646712325,320.7505738117798,49.80604240356943,270.94453140821037,3.535974317604313,3.7149881150955255
52.78712148145648,621.9854086853181,37.90637833994638,29.077946752096956,0.3847540239861847,0.7157253421979516,0.7801408060902311,0.9465404377762601,54.14590856383743,239.31138885236777,382.67401983295036,935.499029631008,1307.0642807730462,219.5769597009569,1087.4873210720893,4.544235551375973,4.577651262731856
66.69860473598598,605.3361291635713,38.610142542473206,17.71774918575124,0.36842652002237897,0.766182953156039,0.7233800308994773,0.930775167772476,75.95186084806397,223.02188351155186,382.3142456520194,1277.122373570479,1666.8634668910252,266.5375944317001,1400.3258724593252,6.278872056906436,6.415775461778783
69.68804361407103,604.5940849745539,32.78455816317124,24.341301048597614,0.49231014642751325,0.7496574959261691,0.8067781116048335,0.8790168970318651,70.18537525154838,297.647802503031,306.94628247152286,1178.7128535779332,1572.335179709882,225.4061529018642,1346.9290268080176,4.5252443172138035,4.439968432165639
60.51380364605372,643.1388999368094,37.44496959103865,18.340141186846274,0.38897048656550814,0.8976027924130843,0.7321886093420138,0.8011606105506858,70.01699136550512,250.1620508376264,392.97684909918297,1250.8514112137789,1393.5467021565667,218.2100396325286,1175.336662524038,4.698301195519532,4.879615517483764
53.43358571696607,708.821143503726,39.093208284726096,19.608246255319063,0.3978096800898566,0.7778779559333747,0.9369059146301667,0.7787525812799632,63.08736492314312,281.9759123381436,426.84523116558245,1242.1571707071987,1596.8535439685213,315.3282506690459,1281.5252932994754,4.5448041383147615,4.50975655277464
55.44614653038738,824.4900997126928,33.6732130400106,23.196878125921863,0.37032997446838106,0.8465225398480798,0.818792716505657,0.7365667636241077,59.483210214021234,305.3333975760345,519.1567021366583,1362.3143866830396,1609.306690082376,290.398154262214,1318.908535820162,4.319568531613793,4.355535744708502
50.367813530949334,342.8386481153929,39.80631717425557,21.257901278468648,0.48190969460242766,0.8369450327762009,0.7793147935892168,0.8529271200702614,58.069492767275484,165.21726821119816,177.62137990419475,553.0129554744253,660.7518221836451,93.37374980769357,567.3780723759515,3.4341329966227803,3.3380006855522555
68.28597613120998,842.5444691620559,37.837727805141114,17.403384014647592,0.41379109665637015,0.7424162474954755,0.891576017779725,0.8755782626529539,78.33808559480173,348.63739987632636,493.9070692857295,1833.4255761845534,2469.538594244904,451.74634801134295,2017.792246233561,5.787652864980467,5.61455603946839
52.35502165780282,548.4301140371083,41.52221785697594,17.564046036312725,0.4524349174363289,0.7477995360423102,0.8244871481455659,0.8078016971547362,64.40750750572963,248.12893336397553,300.30118067313276,981.1949079503669,1312.109543612837,207.32791255107034,1104.7816310617666,4.45244984566626,4.544375833981346
61.53032951028507,169.35245122089805,32.42422298206892,21.272171822441994,0.4623613436701773,0.7562569127106068,0.7775085060031125,0.8426077203042606,63.79346567383406,78.30202690033258,91.05042432056547,300.0994384372227,396.8220764575812,58.05765704916787,338.76441940841335,4.326381229436278,4.268804861532509
55.48110441374412,152.69583631958128,34.65326137555467,26.359244674132512,0.3683698083834516,0.7822254556518758,0.9029919355977004,0.80905433721078,57.719634964148064,56.248535965995046,96.44730035358623,244.82077591420926,312.97981182443783,62.478575924565334,250.50123589987248,4.453471216589754,4.339396920261938
61.08356005031587,400.8144868264547,38.01553879299824,28.46946970271683,0.386738866264076,0.7468650131301053,0.9167880377502804,0.8923018171962104,64.08003972240004,155.01054021748052,245.80394660897417,713.4502288097947,955.2599415786401,187.9766865509365,767.2832550277036,4.949877949920061,4.854367578646396
63.02840776703729,806.4072794003208,34.96559912205931,16.261914933890743,0.46969435488125294,0.7039302965493696,0.8682520415721692,0.970377762338969,67.99854945853178,378.76494686947996,427.64233253084086,1523.1812575561883,2163.823982321467,348.7081016816964,1815.1158806397707,4.792196045705487,4.892681650098025
66.59483607414404,736.9128412668242,39.14424164071242,20.896558613391015,0.37265107033516204,0.8758786113614391,0.7117411056019167,0.7491760786140834,78.55396217368718,274.6113590418074,462.3014822250168,1607.9839849494015,1835.8525531865655,286.9042965967795,1548.948256589786,5.640510509086301,5.534067669084337
54.128425435212066,809.7534682051657,39.59005282521931,16.50368345584315,0.45878702669037025,0.8931219662761769,0.841580720041633,0.814422642970937,65.22757705263915,371.50438603006324,438.2490821751025,1467.1737983609507,1642.7474116197718,261.8802892504591,1380.8671223693127,3.7169604836309222,3.703840921686836
50.21991657316961,565.5421507974484,33.02515964066475,15.248887209488968,0.4881984645148874,0.7683140774063135,0.8908237279993203,0.7422605811852584,56.59583392233447,276.09680963776117,289.4453411596872,889.0924900725618,1157.1992707383079,184.65860762185895,972.540663116449,3.522462517377226,3.52405055799043
52.737712601376145,496.1790981599415,37.13854464206768,24.92578023965935,0.4246420746136014,0.7677013758850946,0.7341257530208956,0.8874831311223496,56.30011981954143,210.6985216225433,285.4805765373982,775.9706299543531,1010.7714462016233,149.42716890191664,861.3442772997067,4.088041390450595,3.852895342272262
68.0003728369621,232.70727403565556,37.08890555591056,24.036741629498817,0.4483254574903778,0.7014183625548741,0.7571676878461508,0.9186611528465787,72.39600446560964,104.32859509337399,128.37867894228157,467.97435695181014,667.1829280990617,97.54117549089435,569.6417526081673,5.46007307103425,5.219099340932229
67.47780155125031,395.3734782483804,35.69280770215541,17.445286707223293,0.461019462408227,0.8360501376660748,0.9206237762670341,0.9795738197792367,72.74266491922123,182.27486839253916,213.09860985584126,798.903345726915,955.5687030411128,165.95304737543344,789.6156556656794,4.332005079083078,4.375707804809192
61.94826204340617,490.61742955648776,41.32924862569672,18.507192496395962,0.4690079297793285,0.8650879791497258,0.7050304304632684,0.7836615778782894,75.98368977013519,230.10346494994386,260.51396460654394,1035.5256267567033,1197.0177042276055,156.84277439530504,1040.1749298323004,4.520466174025574,4.420514685134941
62.010337208673064,179.7403867116555,40.27506319873221,15.355616304667775,0.3790106675713592,0.7293216600720006,0.888181784456494,0.985063361759629,72.40293655898977,68.12352395711882,111.61686275453668,361.49255044923,495.6558542544074,95.68289044175401,399.9729638126534,5.87128998294952,6.057420134539537
63.30073349092511,298.55075744009014,38.972093819096365,27.524208085416056,0.3102526918351996,0.7319332698734301,0.8184433231286057,0.7189788015462024,71.25827741724196,92.62617614522571,205.92458129486442,590.9503526887127,807.3828271133283,159.52405349064068,647.8587736226876,6.99433789220587,7.197203159117272
53.50742557246899,638.402764657365,39.14326635734997,29.620358940728273,0.3803752542473479,0.8580166499942876,0.8116930397099017,0.8809041590093765,56.68766420137025,242.83261391875502,395.57015073861,1005.2655985589751,1171.6154908714973,206.24039185320805,965.3750990182892,3.975475466163193,4.061246587837073
68.28823891849919,762.0968028152708,36.61716143813119,17.031893051920363,0.4347512459568179,0.8232581496708289,0.7017741331237217,0.7171398158029989,80.71707638781548,331.3225345636464,430.77426825162445,1708.7284957708382,2075.568272787892,288.16553536126327,1787.4027374266288,5.394751491264088,5.689267988165037
58.375410497841465,998.5127602536546,41.209945210965756,18.47212820647947,0.39007007715615855,0.7089721115255434,0.9048495577416231,0.9681322563285835,67.78747138589745,389.4899494335519,609.0228108201027,1880.18486567078,2651.9870600058707,512.2662732647285,2139.720786741142,5.493648269622898,5.479954363375484
57.66277056498995,939.8019982092019,38.94595427253285,28.02614285920401,0.4497926301720797,0.8245093980924564,0.7899562251591415,0.8589427171210162,62.11918350665789,422.71601261549307,517.0859855937088,1621.659244074477,1966.8171737353955,299.1999146394876,1667.617259095908,3.9450061254547037,4.021801420626328
60.378354105656754,678.3086795816724,39.289810616558164,28.896956969342774,0.37139648589373275,0.7617835445687532,0.8351914078251357,0.9008045052288388,64.11284758756895,251.9214599478511,426.38721963382136,1208.0083608706916,1585.7632650158478,291.3863609397695,1294.3769040760783,5.1380176359093035,5.047937760183513
50.939319335501104,479.1232479646648,40.616909037873455,21.294410742102155,0.42694882822080593,0.7737450310941691,0.8693251715839148,0.9494721777731358,57.73048533442553,204.56110929186028,274.5621386728045,768.3338233335114,993.0064717145833,173.13935015144165,819.8671215631416,4.007932516602583,4.302800510098315
53.32566737512159,672.5596282374095,34.74071589342191,15.759337084036112,0.3372839609707949,0.8539462836593761,0.875657394109479,0.7450931867451905,61.40740600701234,226.84357540095874,445.71605283645073,1147.2261709749969,1343.440674112243,272.8652544995074,1070.5754196127355,4.719443421399232,5.000292825142891
64.7606723285274,807.0864562722088,40.07070903866703,15.59087750539229,0.44987388732899136,0.8621870385345222,0.938995014706518,0.7115774685814401,81.41552968148423,363.08712149375856,443.99933477845025,1825.260314893165,2117.0120093612163,382.75150983261403,1734.2604995286024,4.776430770647464,4.778133152837447
51.65597335850253,206.50257183104858,33.95240602956492,23.609247991035154,0.40913919376260516,0.7800713253679661,0.8328349883091523,0.9636643437738557,51.970354356988516,84.48829574885967,122.01427608218891,298.1114398246964,382.1592079212433,65.81979378414144,316.33941413710187,3.7441803190990686,3.787603775708441
62.06304218932776,468.91440072665944,35.453419522448876,20.893426633397684,0.3408128777093201,0.889430587201271,0.7999298877436068,0.7944799682376797,68.51710243103662,159.8120663109941,309.1023344156653,892.462667388241,1003.4090127218482,185.18537275354151,818.2236399683067,5.119911523927388,5.3286960272304285
54.90698219362642,855.8220570720555,35.356104542698425,15.429786413664818,0.35838223469956143,0.7812925435904144,0.9384259066229269,0.7386936723781495,64.08505473383788,306.71142131865884,549.1106357533967,1523.4834269413445,1949.9526002644368,410.93058638449287,1539.0220138799439,5.017817749541749,4.995668172974298
57.78591228083953,445.4496567397396,41.78525468389141,23.748785884688353,0.4497217417163665,0.854367207046022,0.8605275587563802,0.840538371126126,67.38081978751073,200.3283954759533,245.12126126378632,833.7434179219141,975.8607435374132,161.7346337704764,814.1261097669368,4.063957622346462,3.983902850420183
55.773874735414,614.6850441044679,40.56537223747927,15.169538048835337,0.39652024713230416,0.7967754529128518,0.7745375890691388,0.8794918227088057,67.53884338210663,243.73506559683491,370.949978507633,1153.1976923081936,1447.330848474728,236.77784648260428,1210.5530019921239,4.96667559519119,5.096900302194383
57.11345432929898,628.9924247759784,39.011698615902596,26.810579372239097,0.3432062880786144,0.8795064653044168,0.7316160613508927,0.709291181026753,64.8774957618745,215.87415533693064,413.11826943904776,1133.5403714626307,1288.836883160702,216.7595384755376,1072.0773446851645,4.966214427159632,4.977900810626319
64.3809181036849,266.02862782027546,39.2705676161539,19.596492340550576,0.4934542380740595,0.8815522487300358,0.9106386253662953,0.7824686974771263,76.13025923094003,131.2729538469416,134.75567397333387,562.5785666335787,638.1681487898527,103.0310017353003,535.1371470545524,4.076522477573701,4.098901907191205
55.942434312463504,426.01189748705957,37.62072794402571,15.603870045138482,0.4430250039633776,0.7174833615742168,0.7905454006985378,0.7098399622830688,67.95357764412036,188.73392257265056,237.27797491440901,804.1397931446097,1120.7783151657507,172.72304247516612,948.0552726905845,5.023237263166846,4.897514976224108
61.32809280593794,401.06015986773895,41.47090667108519,23.8252833147473,0.49142696650795925,0.8872986662620451,0.8651174303411078,0.8261006167586497,71.45611962448189,197.09177775100014,203.9683821167388,796.061187781194,897.1738807348709,138.15705167089297,759.0168290639779,3.8510831741692293,3.6526362248901876
59.52100804398199,123.57703767885832,36.96258752882362,20.96526621649582,0.38542100907206867,0.8651069683040832,0.8177041048414745,0.9685300087198733,63.84815800023881,47.62918656032262,75.9478511185357,219.17128408114473,253.34587757488333,44.561086785917084,208.78479078896623,4.383547271472696,4.414601513967832
63.27342330725296,121.77258750221972,35.80517709869895,29.60700620035724,0.3950200681383441,0.8582621428625334,0.7497324449487596,0.9947957234480708,61.773740296874834,48.102615812509306,73.66997168971042,208.95411654557185,243.46188199406544,38.64971478232165,204.81216721174377,4.257817662350109,4.373412563271022
68.73659478649516,848.5273393081961,33.63035336931591,23.162979937555534,0.47959104323700386,0.7401822679371044,0.8504216521551162,0.8911142660510882,70.54535315850022,406.94611187393696,441.5812274342592,1662.768356003868,2246.4309509035124,347.9687075562913,1898.4622433472211,4.6651440767059675,4.633541446167998
64.651441944205,345.7637289755312,39.86205652261058,19.128587715555124,0.4050098680490769,0.861023841750933,0.7151707672376706,0.7484913081353775,78.10448990502671,140.03772224853668,205.7260067269945,750.158324424827,871.2398984206341,129.75536307703922,741.4845353435949,5.294891429522255,5.523063580089006
54.29880757181513,566.2708896149338,39.34443932075592,25.64158296950962,0.4414557823811334,0.8700265469370074,0.803335614967798,0.9717548169997917,58.02798828076403,249.98355861462105,316.28733100031275,912.7655707309223,1049.1238157552557,164.75908510299442,884.3647306522613,3.537691580811573,3.4629844150710216
50.62366270122569,368.85301622989573,35.84355038524135,19.072380038140672,0.350434575499106,0.7578300668908302,0.8366537349159178,0.8548743469600182,56.03298116701187,129.25885016408836,239.59416606580737,574.1092808834798,757.5699434028704,144.09849140212265,613.4714520007478,4.746069234114129,4.595898223170224
55.2452808859965,946.6113206038065,32.251934139592294,28.563649371113478,0.3893452937405281,0.8904520156724648,0.8090117435296447,0.7461247936308754,55.377108907256954,368.55866267859824,578.0526579252082,1456.12772760887,1635.268045869052,282.75320031724374,1352.5148455518083,3.66974102771604,3.662339493217332
61.9015586140051,333.36708297919637,40.389973277180104,20.620829557610648,0.324689973162071,0.7099720292798328,0.8871680438127476,0.9765180008354983,69.73806679323116,108.24094922563316,225.1261337535632,645.7882194296619,909.5967063445071,190.7330754071522,718.8636309373549,6.641327853092373,6.624872121958199
51.02851626968501,486.69113146504156,32.114179834540735,23.24802844164308,0.34119600717539234,0.7299818506494279,0.9069812386363281,0.9272407152169309,50.58443421475594,166.05707078354612,320.63406068149544,683.8609867360702,936.8191635554689,195.9198035377467,740.8993600177222,4.461715219483052,4.564776655696784
59.927324944024726,885.4572254361417,39.03699779629051,15.758596557363433,0.3001886830535262,0.8075162276103028,0.8928107685082944,0.9195115818169455,69.90313302075826,265.8042384039046,619.6529870322371,1719.3398392737265,2129.1706351980065,465.60634868395954,1663.564286514047,6.2586070730225405,6.113101438662049
61.93685697833779,857.7402101126278,41.702571097260574,21.391818569283462,0.30785301032973206,0.815158494224462,0.7097032369529505,0.9127542111383213,71.96708445867543,264.05790576402933,593.6823043485984,1714.696170688264,2103.5126086977943,361.64984587271533,1741.862762825079,6.596518130313674,6.867257883427488
56.68487781633922,267.4912760616496,36.37661328148204,27.485453094914924,0.49545676463538585,0.8290300166601807,0.748532192611493,0.7601019463289327,60.78602636331059,132.53036220569575,134.96091385595386,451.6592155177507,544.8044177426759,72.01409971772891,472.790318024947,3.567411347530656,3.77791540428173
65.41824407491644,822.3789788161394,34.34973404995953,27.08473208045013,0.3484707390273525,0.7033938258630933,0.8341518773159435,0.7633020075122577,68.22304275432026,286.5750105086195,535.8039683075199,1558.477673111881,2215.6544681062055,421.4529849395872,1794.2014831666183,6.260844167752906,6.253491928164493
52.131965062675434,512.3681980641034,39.048710100433816,18.364778382802893,0.4326621419008004,0.8920733549244261,0.9337055101109503,0.9064878995281764,59.866942841812225,221.68232201626847,290.6858760478349,852.0532674296111,955.1381203419024,177.0866854455301,778.0514348963724,3.5097585942792224,3.641344050907289
51.50275563471617,534.6719848768197,40.17128142015585,18.39118606515844,0.4678199397599223,0.7089176185468288,0.9087391937630291,0.765916825033119,62.535363581556446,250.1302157563919,284.54176912042783,928.7751936428991,1310.1313457926808,221.75873714709655,1088.3726086455843,4.351224042862449,4.213312379214898
64.56377512407207,220.1319751743494,37.46430316077847,27.259579683198552,0.41013209184731286,0.7286123905446804,0.9106336270879504,0.8316015090409146,69.06126925179314,90.28318746073667,129.84878771361275,422.29426690124404,579.5869962979278,108.96452495683752,470.6224713410903,5.212736552370393,5.380881951258842
59.90982632412397,172.54136238141217,41.67035275256146,28.95597630253988,0.33062890001679124,0.7028029035052114,0.7758020484399186,0.9346005476781825,65.0705068349485,57.04716085156487,115.4942015298473,311.87094167086127,443.75306378988046,80.65425587578919,363.09880791409125,6.36488832211763,6.564862243603712
63.76804792855472,755.1453762763887,32.51668721657961,16.430413819095055,0.44562328746723323,0.813371686658819,0.8073619742696756,0.9351857554293523,66.87716382495134,336.5103650919652,418.6350111844235,1402.8328066914048,1724.7131043545214,270.1830979785806,1454.530006375941,4.322392880761433,4.4343563353477355
58.696546772074925,546.8150371197698,37.047955983045284,21.750879591393378,0.4200502820199166,0.8864533767841944,0.8176764868289843,0.8359785317577579,65.12658509439319,229.6898105548905,317.1252265648793,989.2276679409572,1115.938744042692,185.21674655118753,930.7219974915045,4.052082220116959,4.050190332645917
54.92804066478214,493.1656323536616,39.1845394732255,20.061814184463437,0.446250117869475,0.8331894332160928,0.7393428958374776,0.9376569814825735,61.816860580423864,220.07522156699565,273.0904107866659,846.8319760628574,1016.3738788598226,145.64014087706835,870.7337379827543,3.9565278261809413,3.6058707819362508
66.38204635348399,756.5574057871571,40.62640471149179,28.060326831861587,0.45394932457141746,0.8645314936960855,0.7077670325611141,0.951586538859417,71.24197110030147,343.43872335658375,413.11868243057336,1497.1844677446581,1731.787076192939,234.25335350685373,1497.5337226860852,4.360410229953114,4.276464421892534
65.98831757937958,788.9616090919988,33.7925561190779,16.25287372020028,0.495082073536949,0.702656240691716,0.9367257248651292,0.8964327253852781,71.48119980547135,390.60074937031453,398.3608597216842,1566.5534005097595,2229.473403619951,369.06560869316434,1860.4077949267867,4.76293964598363,4.6735036395130445
63.893929417088536,243.0173509024182,40.000034817636816,18.16688913837056,0.414712656005342,0.8084030596959452,0.7601781464158767,0.7685277556925261,77.47112515740723,100.78237104812405,142.23497985429415,522.9674335328554,646.9142184216283,100.73937554421533,546.174842877413,5.419349011114374,5.2603038631785
55.44290274459925,649.2026345298772,37.527070757185456,26.287025063797415,0.36832822253812036,0.7919125955011044,0.7599872259309077,0.7822035341156642,60.6732204268021,239.1196524434546,410.0829820864226,1094.1448485136632,1381.6484984953586,232.14716253221803,1149.5013359631405,4.8072223433620405,4.824851822445392
61.80461333738174,221.81867404991698,35.96553681989963,15.769407734718234,0.4296929113800474,0.7997935888441586,0.7208447634421898,0.7944523466226205,71.48162150171551,95.3139118509706,126.50476219894638,440.4432916791269,550.6962018983478,79.23747780076026,471.45872409758755,4.9463789172218995,4.884208358601513
57.21947793880054,776.2375774261411,33.31715028579094,22.38803071071434,0.3136881418485252,0.7144426370670376,0.9321269379859446,0.7350412323201856,61.46663452107948,243.49652329580692,532.7410541303342,1325.353096477243,1855.086787538525,415.3639859195305,1439.7228016189945,5.912703730352551,5.766433135165617
51.83164146653268,691.2596406404256,40.65295758908913,21.631605520195798,0.47947946366431726,0.8368870722138615,0.844934278734943,0.7819478861109835,61.51903930558165,331.44480174705996,359.8148388933656,1181.2674723033495,1411.50163686778,217.27523521153398,1194.226401656246,3.603092869043131,3.488644211126325
68.34627150924486,960.9531589751122,33.572732081797156,20.01601768483123,0.32387620226763936,0.8006440829717268,0.8667592142813384,0.7628557672937596,74.49779611978434,311.22985968595043,649.7232992891618,1988.5803477219613,2483.7257778025496,509.4439141631576,1974.281863639392,6.343484733860564,6.207319362851428
52.73637261837923,162.06221472077905,35.09787859209099,20.918584729783856,0.36556856757716366,0.8530297699722528,0.9278942218157631,0.8365986249425806,57.211726408251174,59.244851693857925,102.81736302692113,257.55164138112406,301.9257362958173,62.20873073015117,239.7170055656661,4.046208214080452,4.18234279377261
69.00474707641605,151.3492490361289,34.90045531962437,22.949108803953493,0.46314907612522416,0.7970581268123431,0.7864050422251974,0.9725312643616795,70.60929926639744,70.09726486332957,81.25198417279933,296.8517894149039,372.43430488827295,55.03230654306779,317.40199834520513,4.528022583535205,4.438228492266128
58.92011545915911,353.96836722388014,40.714140341908546,17.420510375825746,0.41946247566614236,0.7298763272452864,0.855376827784521,0.7313440950261874,73.31760413750239,148.47644762323097,205.49191960064917,720.8920173699588,987.6906408113874,171.66302466204016,816.0276161493473,5.496007139260717,5.411103935055549
